commit date,commit sha,jira_id
2014-01-24T08:26:14Z,8bb0cde556cf1dc07d62cd74ca6739b392242cf0,BOOKKEEPER-703
2014-01-22T13:35:03Z,694568b0ff0d048c284c8d5db0c9455d30dfa3ce,BOOKKEEPER-643
2014-01-22T06:37:35Z,7b44d9552d8b854160278582db3f5ca07882358a,BOOKKEEPER-720
2014-01-21T16:26:23Z,9b1e561cb5e4f081f40bf8b751bcc2c16226092e,BOOKKEEPER-661
2014-01-21T15:41:29Z,23f3760dd5d79e6894616834aa41d59089c9548a,BOOKKEEPER-719
2014-01-21T04:19:09Z,75f103d9d6694ae0116fe741a2dfbf60e3c63ce1,BOOKKEEPER-696
2014-01-21T04:05:00Z,96cc0e11ca2166a5e5326be4ead0dab595b7e4bc,BOOKKEEPER-429
2014-01-17T17:13:43Z,78c0d2515f2e381b2c690bdbf2bf9bad03d1250c,BOOKKEEPER-710
2014-01-15T14:58:00Z,da8864ad7cd53d302eb27ab31f942bdbae160a98,BOOKKEEPER-662
2014-01-09T06:30:11Z,79a73f0f71be5701b44ab47c14f92945989b1417,BOOKKEEPER-714
2014-01-03T17:12:42Z,5c3a30f8e423da51b1ee03173a336400335de3b8,BOOKKEEPER-709
2013-12-06T06:39:36Z,34c260bfc7db379351fa8807897603b9a9b9012b,BOOKKEEPER-701
2013-12-05T06:35:56Z,42185c2e3d9e6d85b095842ac051f3a3c4a4d22f,BOOKKEEPER-712
2013-12-05T06:33:31Z,810f10e9c628604a7697172df79478d9186be637,BOOKKEEPER-711
2013-12-02T17:45:13Z,7c7e009691bc24642018e4f5c81123a0667d4e8b,BOOKKEEPER-565
2013-11-22T09:40:15Z,67dccebdbee27476657898a370c4f1808231fc4b,BOOKKEEPER-678
2013-11-09T18:49:55Z,eb7066a02a50e2b15e66dfd4e99706ecf79454e6,BOOKKEEPER-699
2013-10-30T15:23:54Z,ea4a13a45d8d2102f5f0098e404d3de66777a39b,BOOKKEEPER-700
2013-10-30T04:59:47Z,f345cb9472250eca2b724fa14b8d2c08425b6a2f,BOOKKEEPER-698
2013-10-29T09:58:02Z,6c6ec2b2f9cb1aff37001f3d9f002cc820096404,BOOKKEEPER-615
2013-10-29T09:08:54Z,cd05194d8bbb03a08d8d9fbeb09738bd8a2e09a8,BOOKKEEPER-614
2013-10-29T04:14:18Z,2d0cd0d1b9d41f3b600f6dac308c6d34317ae676,BOOKKEEPER-602
2013-10-22T14:21:28Z,bf5c1838b4b0d764aa9f24842643fd9339610b9c,BOOKKEEPER-659
2013-10-22T05:44:13Z,9602c32f16184e10873d53c269e270e3cd0ebeed,BOOKKEEPER-664
2013-10-22T05:35:46Z,24dc8ac30c97620cf4dbef48deff2bb957932eb8,BOOKKEEPER-688
2013-10-14T16:32:27Z,33ea58027b0a3ba160f7ac19d20568709f453f4d,BOOKKEEPER-673
2013-10-14T15:38:44Z,a3575c3ebcb323a53d7a193488453aa44557c97a,BOOKKEEPER-676
2013-10-14T14:43:24Z,16978d671b8d6d9e563edb3a6119a4be574245af,BOOKKEEPER-605
2013-10-12T03:43:30Z,dc1f36e982f3fc2955141c8e0de5e04c6ac06053,BOOKKEEPER-657
2013-10-12T03:42:21Z,bedfebf93f8c9f93fac19bd58005dce6e0ffbd17,BOOKKEEPER-657
2013-10-11T14:18:40Z,d9f4e60c850291d17e12ed44776b88cf02335701,BOOKKEEPER-638
2013-10-11T06:36:27Z,0f853a49d7e6899151f63ae9b1912ed936e5a5fb,BOOKKEEPER-658
2013-10-02T05:01:52Z,8dafa943a1d5a1cf562d94cc6d2f656e0c0be17e,BOOKKEEPER-686
2013-10-02T04:54:35Z,3d9bb20a7f7e510bce7c16be392c0ac82c3a3496,BOOKKEEPER-645
2013-10-02T04:40:39Z,e2013e3f2b2e3e10ce5d1977adac8e073fd0404d,BOOKKEEPER-666
2013-10-02T04:23:33Z,dea488afbf4615e4416079f5517a6e3ae1000c17,BOOKKEEPER-640
2013-09-27T09:37:07Z,441891b2d76b3b0244d00480e0ab70f2d2121d57,BOOKKEEPER-683
2013-09-10T22:34:06Z,bc0eb8b14278999a5c6550fbca6531b862beb12b,BOOKKEEPER-675
2013-09-10T13:14:40Z,aadaae443e1bc70505150a3218a54ff66ebfb921,BOOKKEEPER-446
2013-08-23T16:48:37Z,98d6dcec7403c523cfd07cf48ed878e1ab13eae0,BOOKKEEPER-580
2013-08-22T14:40:10Z,d8e6972385e6662ddcf398fc2de47622a9bef22d,BOOKKEEPER-649
2013-08-21T11:19:21Z,c4fd34f0f13a044c0261732ff2dd454acc4b73de,BOOKKEEPER-632
2013-08-20T11:02:59Z,f41bb6f8b521e26a0a746530e648a9ca2120af51,BOOKKEEPER-624
2013-08-20T10:51:50Z,2179f1bf6d656d7c5f7e89f2eeaaa0732f0b9608,BOOKKEEPER-668
2013-08-13T12:32:37Z,94d65d8d2e3239ad0694d3c2252fca0e3dbea8b3,BOOKKEEPER-667
2013-08-12T17:01:05Z,d1ad860f8e83530e0d8f1498a35da2e9fbb85962,BOOKKEEPER-604
2013-07-29T10:30:32Z,22509a7a2c8acbd5cce182529169fc0057e55b0d,BOOKKEEPER-663
2013-07-24T14:55:31Z,d3328c5a78137de5416f3d8bc1f269f2ac648e6b,BOOKKEEPER-642
2013-07-24T14:14:38Z,67ffec189fc77e53a8dcbe666b1695a3b790e8da,BOOKKEEPER-653
2013-07-22T16:03:38Z,a889f63d1041a84d6b894874b31681ed35312781,BOOKKEEPER-607
2013-07-20T18:30:04Z,61e619c2b2215fca05df3498256e3f0966a668ff,BOOKKEEPER-652
2013-07-20T18:24:54Z,4a2c740129d506f620dcfbdb5e1e852258a726d2,BOOKKEEPER-646
2013-07-20T18:16:37Z,d9682edfc57911ccb9d70ae41c6627112a96a355,BOOKKEEPER-635
2013-07-20T18:06:30Z,f3731732ce984f41b8530939254706f9e597583d,BOOKKEEPER-610
2013-07-20T17:59:39Z,4d66c36cf8825ab3f9f4a389bddfb924a0df9107,BOOKKEEPER-563
2013-07-14T22:55:35Z,53c208b09483c90207aecf0e27e669ee810619c2,BOOKKEEPER-600
2013-07-13T15:23:25Z,0ce12e55edb179fc55bc9c5749a589a52bb36b3a,BOOKKEEPER-601
2013-07-04T12:01:37Z,ed3bb58f5cc5cd4176573cb696bb7277c628b26a,BOOKKEEPER-636
2013-07-03T15:39:01Z,0d9708c65998f48ba9b692ff5532251a0e1b8bc9,BOOKKEEPER-641
2013-07-02T17:41:39Z,ad11d4144dbf024fcdfd22a2a043c7790f940dc3,BOOKKEEPER-637
2013-06-28T15:27:08Z,bf3224adf56b74e7d8c2792eec9dcdab9c49e3d3,BOOKKEEPER-620
2013-06-26T01:35:18Z,0cd4be8fde5206d956addd29cbad0391ceca1716,BOOKKEEPER-633
2013-06-26T01:27:04Z,119e2034303b45478123a0fa62c1c48925b201c1,BOOKKEEPER-623
2013-06-21T17:26:37Z,01cccee0298f3e0f9d32acc550ed94a7c9fafdfd,BOOKKEEPER-313
2013-06-21T16:51:00Z,a3de791cb79873c4f9b99e7ac1b9ade75ea225ac,BOOKKEEPER-619
2013-06-15T17:05:45Z,fce6d459242361e2363b9b92f8c764b04c7ddfd7,BOOKKEEPER-618
2013-06-15T15:08:18Z,5ef7f760d8ccf2bc765e77891447ed050926f4a3,BOOKKEEPER-627
2013-06-15T14:53:44Z,0a208e10117f8c5201e0414ce3d644d2367b5abc,BOOKKEEPER-626
2013-06-12T16:41:47Z,1c04906c0077d228076c3d157d815e5c7219bb0c,BOOKKEEPER-592
2013-06-05T09:49:01Z,faf2ed87762fabe4f6cb5f629cf5a7132869ca60,BOOKKEEPER-617
2013-06-03T11:03:30Z,cf2a858bb7bc669e12058e2dda1a996a67d3d37a,BOOKKEEPER-603
2013-05-31T10:02:59Z,ccc9545c4565c337ef6ea06004149de75b4dd3af,BOOKKEEPER-611
2013-05-10T10:45:58Z,4c89310f8b8e09f2ad394a7e7fd5fffc8f51e701,BOOKKEEPER-257
2013-05-09T09:41:35Z,c2bb7ffb366d5c1942ee2e040516af749a705115,BOOKKEEPER-608
2013-05-06T17:32:45Z,3a4f8920ba5017ef37d7641d3d5f0eeb0bbc590b,BOOKKEEPER-562
2013-05-04T12:22:10Z,d175ada58dcaf78f0a70b0ebebf489255ae67b5f,BOOKKEEPER-564
2013-04-26T16:38:02Z,685ca079690f8be2cbcfacb615fc0eb5a798b8da,BOOKKEEPER-584
2013-04-07T18:11:21Z,09ec928ee0218caeef5661ba60978fd18b2e553b,BOOKKEEPER-598
2013-04-07T18:07:06Z,cdf138e24b76f934721eb1e82a226d0be296b838,BOOKKEEPER-599
2013-04-04T09:21:26Z,b118823702e946ccdeb14843e2691fdd760a59e4,BOOKKEEPER-596
2013-04-02T15:38:49Z,c8f9135e7d3147a2a474df31b430b8c403e2792a,BOOKKEEPER-595
2013-04-02T14:14:45Z,feb077afa2e5064f24f011067fd626c81ede8491,BOOKKEEPER-597
2013-03-25T17:02:41Z,455aabfd3b6ffd4247f6df63cb29d0694b359cdd,BOOKKEEPER-581
2013-03-25T16:26:48Z,e14cbe41b5db846a5d819fcae6e82bc489ebeb73,BOOKKEEPER-506
2013-03-25T15:10:21Z,6268be59c7d8cf411860a6807a2cb45bc1c891f4,BOOKKEEPER-586
2013-03-25T05:48:01Z,d1bb8ec0e7c65e241f55c8b700395570e0ee5daf,BOOKKEEPER-583
2013-03-25T05:27:23Z,f2bb5603ff33b8ac54bcdf2daddb61cf3e65de80,BOOKKEEPER-557
2013-03-17T23:40:07Z,9868081b708b27f272e2a92cf04163996caf9544,BOOKKEEPER-573
2013-03-17T23:33:57Z,9f0d2a3e2f4279921f8fa1df8aad708773124cd5,BOOKKEEPER-585
2013-03-17T23:31:20Z,1b7cb6fa9704d10a3a6134edfd0b12d85bf0012c,BOOKKEEPER-576
2013-03-08T23:42:44Z,94ea9a8629ce404566d875895208dabe82c99fbe,BOOKKEEPER-579
2013-03-05T17:45:58Z,ea5a13d748918f495ad1cb1e37c0f995e3d53072,BOOKKEEPER-559
2013-02-26T03:12:24Z,f31a366fa581b5561bc51d6dd06ce2ebfe3c9f03,BOOKKEEPER-574
2013-02-19T15:52:35Z,d40d380363f7ab608231e91b84dd94e3478f3773,BOOKKEEPER-567
2013-02-19T15:19:22Z,f4d189431ee77d1133b617dba9e939756cb9d721,BOOKKEEPER-549
2013-02-19T15:15:47Z,040a442bef5b93143a9e07c0b601fddea88c5712,BOOKKEEPER-548
2013-02-16T15:02:32Z,cda181255f0bb2ebc1a69f75b2b6f84b50c4fba0,BOOKKEEPER-569
2013-02-15T04:31:08Z,5b7b6835c74a11162164e90e66bb05a84411a8c2,BOOKKEEPER-568
2013-02-12T10:16:44Z,26731c770bf8e3cb54ec0466c027b6e313983bba,BOOKKEEPER-555
2013-02-12T05:00:18Z,3bcabc5adb48e75dd041384ebcbb0017d56c3299,BOOKKEEPER-554
2013-02-09T07:59:47Z,3902ae5a6056ba6348f71c873d23f74ac32cebef,BOOKKEEPER-556
2013-02-08T18:08:49Z,f060c0d2745b47314562bc94ecb5f525e2addb07,BOOKKEEPER-561
2013-02-06T15:28:24Z,b4bac04a8141fa116223de8028471facbe343555,BOOKKEEPER-526
2013-01-31T18:32:57Z,e95b9392d4ba38c68617dff16de53e523d8ea51b,BOOKKEEPER-312
2013-01-24T18:35:47Z,7bed2a74a98f49b31c1653a513944f60a359776c,BOOKKEEPER-544
2013-01-14T15:59:07Z,087e490270c6e006b9e4b47035f20fea843149be,BOOKKEEPER-472
2013-01-14T12:45:49Z,7d8079c446110872d8f6d50eff86268a3cb4e989,BOOKKEEPER-513
2013-01-12T17:55:26Z,96b5aa8e6463c36a0421e47f9892479aa63f885b,BOOKKEEPER-503
2013-01-11T04:16:41Z,1374b7ad2738f6c52a2aed1d0ee4e412aa382086,BOOKKEEPER-539
2013-01-10T18:13:58Z,4250c1f93962af30e6e40759e006035a7089613e,BOOKKEEPER-538
2013-01-10T14:19:56Z,7c1793d2979b01062682b70687839a978bf65c4c,BOOKKEEPER-530
2013-01-10T09:42:19Z,40de140171a26b0943909900d6af4a73b31a641e,BOOKKEEPER-540
2013-01-10T09:39:25Z,a9b851b3afe2d8031ad426fdd2e579ba003fe02c,BOOKKEEPER-543
2013-01-09T17:48:51Z,5c19add8bc394d3caae4fddf566e149281370a52,BOOKKEEPER-542
2013-01-09T16:47:36Z,1f5278d06ddbf4da0d2d6ed41676321f89a4aecd,BOOKKEEPER-529
2013-01-09T16:18:07Z,f0db18abedd30af1d6191d068652b93db0c68fc6,BOOKKEEPER-533
2013-01-09T15:34:38Z,55a6e1b983420b40813b327f67bbbff8196a8e41,BOOKKEEPER-541
2013-01-09T11:29:39Z,faf407d5d40e9d476bab2a926f41b993bf87098f,BOOKKEEPER-531
2013-01-07T23:44:33Z,ed9b6037be51845f7cab2446593df695ffcede59,BOOKKEEPER-532
2013-01-07T21:53:54Z,f7ce39d522827a0359a0183eae02694ebb35bafd,BOOKKEEPER-534
2013-01-07T11:25:06Z,b625fdc27a429341143e204338cf5deab3188e9e,BOOKKEEPER-355
2013-01-07T02:48:26Z,f80dcedaeea5f701822f02484c098cf4df2f04da,BOOKKEEPER-524
2013-01-04T10:32:49Z,005b62cc60093dd5b32d4abecd06c2e441bc62ae,BOOKKEEPER-293
2013-01-03T11:07:56Z,ee29f75f3f6a0168008da2e424e4174f2aee8cbb,BOOKKEEPER-507
2013-01-03T10:06:24Z,b4e985b32cbb5aa7c6b109898f9d8bf51b2fd330,BOOKKEEPER-409
2013-01-02T21:24:33Z,a27b64e340a6ad12f1e9588d1d55fa51f0b2d1f0,BOOKKEEPER-55
2012-12-29T15:31:46Z,7b2b91579000bc99d6fdded3aefb349975058c6f,BOOKKEEPER-523
2012-12-28T11:32:15Z,ea36e59a1c314bf698d572e5f714e0b68e554a6e,BOOKKEEPER-514
2012-12-27T22:16:40Z,8a396e1f74ff9f9cf25d3b4bfc43c8a112992555,BOOKKEEPER-520
2012-12-24T05:23:12Z,7de3ecbd5d5052138a9c4aded9256c5030ab2f6d,BOOKKEEPER-447
2012-12-24T05:05:49Z,a0ae97c232caafa1fda9955f9aaa9f99564b74fe,BOOKKEEPER-522
2012-12-24T04:50:02Z,fa13426970bd4b6d7ffc086e776559f87349ef71,BOOKKEEPER-463
2012-12-20T05:48:56Z,a3da8c74c4226b7d92e9d0eba9591334351afa45,BOOKKEEPER-520
2012-12-18T12:04:51Z,d69986c4df6b51ed6ed27c5f45a7b6850e69dacd,BOOKKEEPER-500
2012-12-18T11:00:49Z,e5b0dd0d9e47394202f5a20cedf409f487d90beb,BOOKKEEPER-496
2012-12-18T10:55:34Z,a4d8a34fb0779551208ad003b950e0b9a9d86d42,BOOKKEEPER-509
2012-12-18T05:52:21Z,c784b602325361a7606f2f53b677996e2c23f730,BOOKKEEPER-342
2012-12-18T05:48:26Z,3ab615ebbce3871b1d15099f4e24ecaae9e83d8a,BOOKKEEPER-490
2012-12-17T14:42:23Z,a8d61e64604a6ea5ce6caccc5d29aea2abac69f3,BOOKKEEPER-375
2012-12-15T02:08:32Z,d1a3c6d11eb4433c7e25eeba6ac21fe2db3a2696,BOOKKEEPER-512
2012-12-15T01:45:06Z,8c1e71f2b9cb8425046517f69a5024c31d47783c,BOOKKEEPER-511
2012-12-14T19:29:17Z,5428454ca34823a225eafb114128931d313d9e2f,BOOKKEEPER-428
2012-12-14T19:26:51Z,e4a42af6933c0cb0be441b3d9d5d28790aa9a7b9,BOOKKEEPER-428
2012-12-14T14:14:53Z,dffe13f5b16200e192c36547021c34c186d00de8,BOOKKEEPER-504
2012-12-14T10:18:04Z,8125700069b14f80ebd135ddd1a2b67de256cb1e,BOOKKEEPER-426
2012-12-13T17:34:03Z,e0011de4475969c19023694f5074b50e5d12a08f,BOOKKEEPER-408
2012-12-13T17:12:42Z,4320f6f8a2621c852c19fa81ba7edd8a9e6c87a7,BOOKKEEPER-341
2012-12-13T17:05:57Z,3a950e6f7f5ca8b646e82c61c98a65991df8d88f,BOOKKEEPER-262
2012-12-13T15:44:19Z,d932c9b2181cc9f9b6bb3b43abd5af04cda206b8,BOOKKEEPER-483
2012-12-13T12:07:52Z,496f442a7a68dd549355e845540c6c72c2fbb44c,BOOKKEEPER-336
2012-12-13T11:51:05Z,d58a71dbd1f07a3edf65c4af80ae18a4d9a95755,BOOKKEEPER-458
2012-12-13T11:33:11Z,b6c1a8bbd7c2d44c2edb59d9938fa073f6f478de,BOOKKEEPER-365
2012-12-13T06:26:32Z,1e35d5d5e6de6a33cd4ca200f3d5d92dcf7cb58d,BOOKKEEPER-404
2012-12-12T17:26:59Z,55610c26eb3b8b4cd5dd1955a434c2642334c605,BOOKKEEPER-493
2012-12-12T10:20:38Z,5414cec92a99135c8ba0bc0f6768bd348c65e2fb,BOOKKEEPER-205
2012-12-12T05:54:23Z,7fa41ff318a31f973d1de12afe8db0f9893ac653,BOOKKEEPER-497
2012-12-11T18:16:38Z,7275006bf7d13194aff768b22da55814e11b1cc2,BOOKKEEPER-495
2012-12-11T17:59:21Z,7467d2697103abba54d8f665724d630721064e78,BOOKKEEPER-495
2012-12-11T10:15:19Z,be155aa0c61f6b7bc0bf3d4f2ea56a9b97e590bf,BOOKKEEPER-491
2012-12-10T15:02:42Z,77efd1c00100b533d67e716579b439e94d4050e3,BOOKKEEPER-498
2012-12-10T10:04:18Z,7d3dde696ae859297ece4e2c9a047afde4fa5865,BOOKKEEPER-465
2012-12-10T09:58:19Z,a063f9b19d035d8c2d9e76e3741368cf41e7d292,BOOKKEEPER-469
2012-12-08T15:14:52Z,40ac04bfee52f2e0fd45397cf5d02fa31236c753,BOOKKEEPER-474
2012-12-08T10:42:51Z,d0217c170a0906bdf3188cc89a290f6da0950146,BOOKKEEPER-431
2012-12-08T10:18:30Z,66a0dde14f8d69ebdd409f3a2011d03bcd6b62cd,BOOKKEEPER-431
2012-12-07T11:21:52Z,baef283841c05bcb4ebceaaa5d540f7a30e4af1a,BOOKKEEPER-453
2012-12-04T21:15:47Z,366d393f2e58acdd5494da4ae60513c3ae5730c4,BOOKKEEPER-475
2012-12-04T17:54:23Z,7f67e765c73890a2f838ec8f5d43b814ce42c84b,BOOKKEEPER-461
2012-12-04T17:27:35Z,6030beaba9e770db9b856b8de1b06dab843b2ccc,BOOKKEEPER-470
2012-12-03T21:38:08Z,55f6300ef7eea86c7573d07d65341e2f9ad982a4,BOOKKEEPER-399
2012-12-03T20:31:51Z,c86eb1c481fd837269d370cbcc248274708b0887,BOOKKEEPER-484
2012-12-03T16:59:04Z,7f6adbe34f828f6c86fe30bfa398180fdb512425,BOOKKEEPER-347
2012-12-03T15:27:32Z,0ea460606e4a45a07a79c356ad1d58a6119e0d31,BOOKKEEPER-442
2012-12-03T14:04:38Z,4380e52969beac534fd1da6a68bd28d48b9ba7e9,BOOKKEEPER-459
2012-12-03T13:54:19Z,03bf28db4e8e99a4326e0e01c7a9f7134f151a7b,BOOKKEEPER-459
2012-12-03T09:55:01Z,bdf3bfd631493d82688404dde35eed491ec946ad,BOOKKEEPER-336
2012-12-03T09:49:57Z,6a6d25e7e9a2c3cc4370799ec2529915929e5acc,BOOKKEEPER-291
2012-12-03T09:46:05Z,f12b7896e1640bed64cedb0d96bdd82b6cf26a86,BOOKKEEPER-336
2012-12-03T05:23:40Z,c958b32da81936cee535c411f2214d900f54442c,BOOKKEEPER-351
2012-12-01T14:04:29Z,100785f6f1feb2e6dd1c7de769adab5c88e87427,BOOKKEEPER-485
2012-12-01T05:32:49Z,e14983cbea5238a75a45bff4f23a8e431a5892f0,BOOKKEEPER-482
2012-11-30T15:28:43Z,3ce797955e66d709fd9d96419bc484cab4ddeec3,BOOKKEEPER-389
2012-11-30T03:56:02Z,2522f9863b30359b617b6fd2ab6190c1f1cc8570,BOOKKEEPER-480
2012-11-30T03:54:14Z,aa1fecd255bcc3c23d4037c675df88c9c0ba78ab,BOOKKEEPER-481
2012-11-29T16:54:59Z,ea84d6cc0f7ba8549466104175777369b6de5fac,BOOKKEEPER-487
2012-11-29T14:18:59Z,0d198abad7b41d8326913384967aeb1239ab0528,BOOKKEEPER-457
2012-11-27T20:33:10Z,9512c57d2c370604e732037c8a3cf262cb60b8a9,BOOKKEEPER-476
2012-11-27T15:52:45Z,38336805e367664fbda2a9c6993d5d343c956752,BOOKKEEPER-477
2012-11-27T14:36:23Z,d3ee645781a1ed422d53a027e3d397451dd4c0d2,BOOKKEEPER-479
2012-11-27T09:50:56Z,8a3b4ac9a70eca5e55f7c5163c9c62d677c06aa7,BOOKKEEPER-471
2012-11-26T17:47:54Z,e2d624f8b09beca1f3a5c9224aad1aa254642f28,BOOKKEEPER-440
2012-11-26T16:13:44Z,967149c238389e96b760dbda4d4f722aee46b0b5,BOOKKEEPER-460
2012-11-26T15:42:55Z,e789bc0dae00b6e8881912a73c1e55f370c83c84,BOOKKEEPER-460
2012-11-23T10:49:51Z,b3a05cd74652affe4a69f40609de0b92769e05a4,BOOKKEEPER-467
2012-11-22T17:36:20Z,afa7a082a6f8ab6936729fb68d84bcebf09e1f19,BOOKKEEPER-454
2012-11-21T11:24:30Z,10091096ec339c1524877195172325343b20e02f,BOOKKEEPER-466
2012-11-21T09:31:43Z,0a164a8f7166b853cbf874b91f9a82e51f13f668,BOOKKEEPER-468
2012-11-09T16:13:10Z,9b7b78890c2f0631a2b62bbbaa8de35ede102c0e,BOOKKEEPER-204
2012-11-07T16:27:20Z,c32437ad4ff1d1e267f885a0bd67100cebb57ba6,BOOKKEEPER-444
2012-11-07T10:57:45Z,da1b308ba8eb4dc0cd93b5ad19065067c354f242,BOOKKEEPER-452
2012-11-02T20:47:32Z,2dd4ff7d82d7dc95eb959ad803164f2a5df96968,BOOKKEEPER-370
2012-11-02T16:14:59Z,f633075dd0b0cae6c50db0f7284798089a9cf83b,BOOKKEEPER-368
2012-10-31T17:16:07Z,0658723fdbcfeceddc983b770d78b01602a64f06,BOOKKEEPER-434
2012-10-31T10:40:46Z,fb28dd140d1c0f6b3737f840b9d62da36713d820,BOOKKEEPER-430
2012-10-26T14:25:47Z,536d86ec4b93909e870d6bc65fba7037360ea036,BOOKKEEPER-425
2012-10-26T13:13:09Z,223a3fb3fbc78fe4dc1922967fe3daa3edfc3fb2,BOOKKEEPER-439
2012-10-26T10:51:44Z,3a9a88708d3a1e9e2337a8cc99c3bb727f93ffc4,BOOKKEEPER-346
2012-10-26T09:55:51Z,ffd46bcd1c7e2c78f6d41355a2215f73661764c1,BOOKKEEPER-441
2012-10-25T14:50:05Z,7dced572419c90b27b587eccc09d48032e7a6a9c,BOOKKEEPER-416
2012-10-25T14:18:39Z,2c7236cf339a2de3cf3fbc0aaa8cd88cc4398ca0,BOOKKEEPER-424
2012-10-25T13:35:28Z,eb01b7c1a9d22a55f0107d8b3ba60807d4fd05f4,BOOKKEEPER-424
2012-10-23T13:22:43Z,db1484669db7076d71b0ad890f8867e86a18229f,BOOKKEEPER-427
2012-10-22T11:04:47Z,d0807e31f6d531cee5898bea3c2af3e312dbe61b,BOOKKEEPER-411
2012-10-22T10:10:38Z,81aa20165c13aab333f9f0fd6b4e948de2ba1cef,BOOKKEEPER-435
2012-10-18T14:40:30Z,794d8c6a363433bc129deeb5568e83ac716379e6,BOOKKEEPER-345
2012-10-18T10:59:34Z,5f9f6ef0719a19e48815e8b021da43e8ad15f6f7,BOOKKEEPER-369
2012-10-17T09:19:49Z,cb059545270e4517c90d2b52000ea06404307f16,BOOKKEEPER-422
2012-10-16T21:20:26Z,2385d7a7054dd7e4c3241374b1f5f57360a5a468,BOOKKEEPER-436
2012-10-16T15:01:08Z,bf3d55f0cbd3461626148ad436a78923047dd797,BOOKKEEPER-417
2012-10-10T10:29:03Z,de64ff31f01e2a6e7889bae8d75681d2176f21bc,BOOKKEEPER-418
2012-10-10T10:09:18Z,ce0e7b2077d495ca9f4192da1154f565cb9def5b,BOOKKEEPER-413
2012-10-10T09:45:29Z,c4519d96d592967aaad1d056db3d31cbe56de865,BOOKKEEPER-415
2012-10-05T14:24:42Z,e2487b794ef8d93a1d1380a62ffa212381930393,BOOKKEEPER-315
2012-10-04T16:31:09Z,ba01aed276fc847926310376520d3ec513503c61,BOOKKEEPER-319
2012-10-04T13:30:31Z,f57cbe507d0f366fa76e0e163e867e4a7f93d958,BOOKKEEPER-367
2012-10-04T10:40:29Z,24fb0bca0dbdd2ad14c5afcd7fb2fc31f80882f5,BOOKKEEPER-278
2012-10-01T13:36:31Z,853ac6bf0107a8b80e44328ce825a8e710ee8986,BOOKKEEPER-143
2012-09-26T23:52:18Z,eba338eb398f8a22987c6bd8352bf2d649fb7c33,BOOKKEEPER-364
2012-09-26T11:04:08Z,881cda5c85d17f952bdc2c7e101eef669bce35d2,BOOKKEEPER-397
2012-09-21T15:47:07Z,cf414cc06ad85d9222de710152cb81bd60943aa5,BOOKKEEPER-388
2012-09-21T15:45:41Z,00341197badcc1646b8d3fb4ec87ac526ed93b85,BOOKKEEPER-388
2012-09-19T11:03:27Z,53d3fbf26af00ccc25605fb80bbd73c09c3d90f0,BOOKKEEPER-405
2012-09-14T16:16:17Z,820ce5949c6a32ddca32ce7b408a57e27f5086bb,BOOKKEEPER-252
2012-09-14T13:42:11Z,ec977dbe1e7bfb56dc93b6ba72d11f0468345668,BOOKKEEPER-32
2012-09-14T09:53:13Z,4f2b11213baf8551ef778599b14a6fc17d95f21d,BOOKKEEPER-403
2012-09-13T13:52:24Z,6bffc3245ae3c2f9a671a0549f394c192460217f,BOOKKEEPER-392
2012-09-12T18:34:11Z,420a6e5e6cab583929622d190d2cd3b360cbd102,BOOKKEEPER-325
2012-09-12T09:59:50Z,e353a8f93ad48d8785bbaa7162a8a9ebca40a15f,BOOKKEEPER-208
2012-09-11T08:30:57Z,26671da549558c4b16da42f2eabfad65fa223831,BOOKKEEPER-396
2012-09-07T13:22:18Z,6f364a214d2b65f5823af2e5699bbc59dc08a4c9,BOOKKEEPER-383
2012-09-07T05:26:40Z,06b50969499330d4a5421b48a042fdee63857d23,BOOKKEEPER-387
2012-09-07T05:12:48Z,3d036b0bf3939b042f4ba01a80b8b81ca6774d1b,BOOKKEEPER-395
2012-09-07T05:04:33Z,0eee9e5cd4b5b3affd930a736a3cc2d68a8da976,BOOKKEEPER-300
2012-09-07T03:12:27Z,64fa78224ed46189032a616f00e1755fd71d93e2,BOOKKEEPER-394
2012-09-04T08:39:15Z,800fe7de43333d14dedb2ab64e08a89a78fa31b2,BOOKKEEPER-386
2012-09-03T16:54:10Z,504369377af29b6d09a801243ead58805784765a,BOOKKEEPER-385
2012-09-03T15:27:11Z,d169f8843e819e7ef49c1fdfe69a85308f420a4a,BOOKKEEPER-335
2012-09-03T15:14:13Z,2ffc123e5ffb37163512a89301a128f07f05750c,BOOKKEEPER-334
2012-08-31T13:25:39Z,9fcb7c0cddee8b78e1c3aa8db5f7478d9a13397c,BOOKKEEPER-384
2012-08-28T12:51:31Z,fbfd10fa94d909144c369e1514db31669a16872b,BOOKKEEPER-371
2012-08-28T12:25:41Z,06f8f930786ad5c771b8f06ec5d6fe4af5ad3c89,BOOKKEEPER-376
2012-08-28T08:51:17Z,cb8415d5defb27efeb8fa7ab1c92a60d4f5c31af,BOOKKEEPER-337
2012-08-27T17:21:16Z,6379ae858d11bac62a95ccb06675e2bd511f822a,BOOKKEEPER-333
2012-08-27T15:43:59Z,6b44bc232811e379463f71a27293c3f31ed398ba,BOOKKEEPER-272
2012-08-27T14:55:17Z,d930b579a1e96757e1698bf91bc1c99ac1cb5f35,BOOKKEEPER-304
2012-08-27T13:15:05Z,c59b3d2e495e4ab7483b161ab9c2ce59f0c1e013,BOOKKEEPER-382
2012-08-27T12:43:27Z,8e9a19f762fa27d297bf1b401c55fdbabdbcdc82,BOOKKEEPER-381
2012-08-27T10:09:22Z,621ace8d93eb322f01416e9a98aac23ac87799e3,BOOKKEEPER-380
2012-08-24T20:44:27Z,97c76a36d79d1d96314cd7e832d1dfbd1211965d,BOOKKEEPER-248
2012-08-24T19:51:17Z,b3331cbc528aa32ceb30dcbc676d298beda62df3,BOOKKEEPER-378
2012-08-21T09:37:59Z,c0746ba1c9569427d5839e3f350f4d8394f01320,BOOKKEEPER-354
2012-08-19T09:39:33Z,89e1c0913e70ce4c345c1c82b92ae91fac80b1d2,BOOKKEEPER-299
2012-08-17T16:25:35Z,be94b88ea61b75246586b6495f8d3710d4c4217a,BOOKKEEPER-372
2012-08-17T15:41:52Z,45034f5f4a51225b9f963840741818da7869a85c,BOOKKEEPER-332
2012-08-17T15:32:23Z,14e23b6d9cf4015cd76c7ed3d5258bfbcbb05ef8,BOOKKEEPER-332
2012-08-17T13:56:32Z,bb0888acafee138989dffb1cfee732145c953f38,BOOKKEEPER-283
2012-08-17T10:41:45Z,fbba5c91318c00d77bd62c211066ae13a14d9d00,BOOKKEEPER-247
2012-08-17T09:58:38Z,f4daacff80da6802528320f5a920e1989cf20fac,BOOKKEEPER-338
2012-08-14T09:40:34Z,74e097e0b171871f4f0c067600949376ff98cb5d,BOOKKEEPER-246
2012-08-13T09:38:00Z,391f9246890b416398e48886fe5ed3c4d2e866ab,BOOKKEEPER-326
2012-08-09T15:26:17Z,ec17d0be6a1a655a40ae4e56abff3e121f7d6f20,BOOKKEEPER-191
2012-08-06T14:17:05Z,5c59fa532fa44a1803e1d986181c58c1b00f0a4c,BOOKKEEPER-340
2012-08-06T11:01:36Z,4d9f3d32a063975303f42a7108cbd4892062ab89,BOOKKEEPER-259
2012-08-06T10:10:17Z,41b399cd2a4c85fa0b077f0a7749f5cca4e9c423,BOOKKEEPER-339
2012-08-03T17:42:05Z,4088f7ac7b700588a935485b0a9723a36cc995f3,BOOKKEEPER-343
2012-07-30T15:20:55Z,0092518bb3e345de2113f29450c9e1557cfc8020,BOOKKEEPER-331
2012-07-27T13:51:22Z,46a2663a842c6d256c73fba1bd12eb70559c115e,BOOKKEEPER-352
2012-07-26T03:22:34Z,3de1c6668a60999230f446011ca27fa7629b4465,BOOKKEEPER-330
2012-07-26T03:00:27Z,6e33b2519f98f08faa248056e9e017dd8ba8de90,BOOKKEEPER-317
2012-07-26T02:32:50Z,051320f212b2a6263d2d95db780db62911b9c0f6,BOOKKEEPER-349
2012-07-23T21:39:13Z,df619306ca4c6dd9eba94cbc5ce159e43a5b9ee5,BOOKKEEPER-327
2012-07-18T15:00:47Z,f13b9f4e26fe9b213837d1e68596b55f74163070,BOOKKEEPER-2
2012-07-17T08:42:07Z,e60f542937a51dd3bb05b770a989478625c734af,BOOKKEEPER-306
2012-07-16T10:35:19Z,51ca99b871ebf85738c82cb1f86eb7de223a44b2,BOOKKEEPER-310
2012-07-11T17:24:48Z,0e06ddeb7e47bd8794fd378629602e41ea4a1fd9,BOOKKEEPER-329
2012-07-11T17:11:06Z,c2efd0a48c5d1ea4edd7bf33c69a7e5270942eb4,BOOKKEEPER-250
2012-07-09T02:09:51Z,fbcc0b583fd698cfa9ca232f4be5b0d584bb3ee5,BOOKKEEPER-328
2012-07-05T12:45:33Z,09e5d180231f5307a58a89d0c89169bca890bddf,BOOKKEEPER-294
2012-07-05T05:26:09Z,db71147d9df0ad9efa697275e934330d21c99a88,BOOKKEEPER-296
2012-07-05T05:10:47Z,6b249579f1cdf4e9fb940b0bf54b8d55a1ab38b2,BOOKKEEPER-318
2012-07-04T14:17:30Z,763479b6f94fd4827ee28e9f698cfa9a31095061,BOOKKEEPER-324
2012-07-04T13:44:08Z,18f5927a2bd0f423197a2da49ddd5733cdccb651,BOOKKEEPER-320
2012-06-29T16:43:54Z,de432058b7e7c026fcf0b69b1e20bcf9ae1b1de2,BOOKKEEPER-280
2012-06-28T17:32:26Z,441bf650859bc96a49b667961a19afd936b67e4c,BOOKKEEPER-322
2012-06-28T17:19:46Z,4d15e5675c0394cb910e54c9b0d9743e98fb64c7,BOOKKEEPER-302
2012-06-27T13:35:11Z,744edf07394472d3146e57831592a69d5a86616c,BOOKKEEPER-303
2012-06-27T05:10:46Z,d193780cc404c2e3694c82385d7f422accc416f3,BOOKKEEPER-307
2012-06-19T10:58:16Z,18728877881a23d2639eb650d47b7c41bbccd9ca,BOOKKEEPER-292
2012-06-19T10:39:37Z,297eb745440443eea1a8217c89299abf8d18fc3f,BOOKKEEPER-203
2012-06-18T14:54:55Z,9472fae8739be41301847b1c8e31954f376997e6,BOOKKEEPER-298
2012-06-13T14:57:54Z,a2cd9899405ef7313a50e87a370aecef543ae4eb,BOOKKEEPER-183
2012-06-12T16:23:12Z,aa7f37c6095f61e89a290fc608fd14a50bc7b0e0,BOOKKEEPER-274
2012-06-12T15:37:57Z,863f32a8ed33a5be3c9c622fb1c701bf3b48a2e0,BOOKKEEPER-289
2012-06-07T14:15:55Z,0a3ea6222061e4ba504cdf8ab8937ab26f71b5a9,BOOKKEEPER-288
2012-06-06T16:13:56Z,d5caab3aae143352f2d8c3faea71dce11fdb6b45,BOOKKEEPER-287
2012-06-05T11:02:43Z,25552d910c5d32307bda64cc3ae022e607850b7c,BOOKKEEPER-286
2012-06-05T09:56:14Z,27b6dd6a40f3e4721a29ea2030d96994869a8260,BOOKKEEPER-285
2012-06-05T06:40:28Z,a788614f5c73b0ab2c18f73d9eff7a858229a94e,BOOKKEEPER-279
2012-06-05T06:00:19Z,10b9c5b40bcb66690f6a25330500610c8b296779,BOOKKEEPER-281
2012-05-30T15:13:11Z,d68727ddd09dc0646af2748c3531e8844fdcaaf4,BOOKKEEPER-273
2012-05-29T21:12:38Z,887546e7937db1c45e42b7ca49b3c82d790adca9,BOOKKEEPER-271
2012-05-29T21:02:04Z,f97ac5b415294aafb7e788c3569636882fa7ee4c,BOOKKEEPER-270
2012-05-29T21:00:26Z,0cb40cf90f13eedd54392ec954feadf8df28dede,BOOKKEEPER-270
2012-05-29T20:47:00Z,bfd09dd0bb5cb2d786d0f413f2c6bc8243d06d54,BOOKKEEPER-269
2012-05-26T17:16:45Z,1dde3e5191e51a6f648c0d16b14ecc1e02fcff0a,BOOKKEEPER-258
2012-05-25T15:13:44Z,a1eac18799ddc640bd42e6c038a31e1e26769056,BOOKKEEPER-260
2012-05-25T14:38:23Z,cc28541520136968edd3258861e88c5433c5e154,BOOKKEEPER-265
2012-05-25T13:30:38Z,7ed489997c11c891f91b9fe0659c803a87d57489,BOOKKEEPER-266
2012-05-25T09:48:05Z,c59b7b8a285e5d4da72aea1232a29f31610c2306,BOOKKEEPER-146
2012-05-24T05:12:56Z,67cbcdd7a2d1668c9bba0d45d6ea3235e4bd11e3,BOOKKEEPER-263
2012-05-17T17:07:44Z,24e7fb03f6c9e3666aa83cc174b5088926eae3d1,BOOKKEEPER-251
2012-05-17T16:38:00Z,1c2141183dd3422c85314b64e7b538c8faacd283,BOOKKEEPER-238
2012-05-17T16:32:05Z,73dc3481846fdc0c97944c6a7c6ce0cef17ee938,BOOKKEEPER-72
2012-05-17T15:56:34Z,f05021f1e9e8461182f082b9ab7819b71703655c,BOOKKEEPER-254
2012-05-17T14:05:02Z,132849503c0547d4d89d50cd14f700302b391ee2,BOOKKEEPER-224
2012-05-15T10:28:38Z,ba0ab04216f94411bae27a52670c9c8b4da03476,BOOKKEEPER-209
2012-05-15T10:04:56Z,eaf6cf985ae7ca4a4f62da2de3ecb569ccc5d3f7,BOOKKEEPER-145
2012-05-10T12:47:37Z,3a2fdc683eb7c8881e4ce9608bb1d7c3548e27d4,BOOKKEEPER-224
2012-05-10T09:57:39Z,c32edf860040ebba19c6c57d226b12cd487a00d2,BOOKKEEPER-245
2012-05-09T11:20:54Z,5f25edeba1cbf5de489e1f5a3070188f0163b51b,BOOKKEEPER-236
2012-05-09T11:00:38Z,d368d86e287ef982fa70e069001e30124ee22b48,BOOKKEEPER-235
2012-05-09T08:39:33Z,47ee081e6796ec84c774167dca67c3fd3ceda170,BOOKKEEPER-234
2012-05-09T08:17:34Z,9efe73998fe1ee72ffae95f3e1b1e65884019710,BOOKKEEPER-242
2012-05-09T07:43:50Z,3e224c4b6d4a0d9317060f7fe0d3519fccc68f5a,BOOKKEEPER-215
2012-05-09T07:16:05Z,36a4a4190c342d7b3a1d5859c545ca1fc1b713cf,BOOKKEEPER-241
2012-05-08T07:35:47Z,a7d658179db3226dc33d53f4d25afd64ea90c061,BOOKKEEPER-229
2012-05-07T16:48:07Z,6fc326ebd647afbbcc0beab6764b5d3748e50088,BOOKKEEPER-232
2012-05-04T18:11:43Z,268bdb8c6b5f642967329a99ec1dce5ba0af46d7,BOOKKEEPER-228
2012-04-28T09:11:28Z,6d50e72732aa741d3a620c4b3ec04593c68f1b62,BOOKKEEPER-231
2012-04-28T08:11:14Z,f7c1ad57ead301df4d3326b5d8c8950964387fa9,BOOKKEEPER-56
2012-04-24T17:42:06Z,7f9005baadbbf312db857be6c3d3c095fe800c54,BOOKKEEPER-217
2012-04-24T17:37:54Z,4e9ee8d75582a66f3e11d78dea280afbb864db7e,BOOKKEEPER-56
2012-04-20T17:18:36Z,2f25ef611dd2c8ea2c94b48af09f183d74b6167e,BOOKKEEPER-173
2012-04-20T09:19:08Z,57a62a1c3ce151e1354a2a4ed212e9e8965928bf,BOOKKEEPER-168
2012-04-19T01:02:01Z,b5c0791d38a093936016a7989c35363063cdb202,BOOKKEEPER-213
2012-04-17T11:16:26Z,cf846eb5f57af19f68ccad42edda7551c852041d,BOOKKEEPER-218
2012-04-17T10:18:55Z,4a94ce1d8184f5f38def015d80777a8113b96690,BOOKKEEPER-196
2012-04-16T14:11:51Z,3d834bd3798f22a43dc434d4b809a5c22731da38,BOOKKEEPER-216
2012-04-16T02:29:19Z,8a1ad4c3208ad0e5b546ab8e5738132698fa56f5,BOOKKEEPER-197
2012-04-10T23:05:23Z,22bb0534ceebb3e9044b727177146fc220683b81,BOOKKEEPER-200
2012-04-10T03:21:55Z,df5789843b6624ebda9c6e839458cdfbc3ed7d84,BOOKKEEPER-211
2012-04-09T09:42:01Z,8f02fb64ec9612af8422f23ed7908d7f6ccf5332,BOOKKEEPER-212
2012-04-03T16:02:44Z,f694716e289c448ab89cab5fa81ea0946f9d9193,BOOKKEEPER-207
2012-04-02T10:38:18Z,47244dd77fb291ec95d5da4c96751ea92bc2d516,BOOKKEEPER-135
2012-03-31T08:58:51Z,682a23fb23c8de7756d5ef226fd6e97dd8d4e561,BOOKKEEPER-112
2012-03-31T07:31:54Z,235bc1fec4d60567d113202b44f6fb4c1616d1ce,BOOKKEEPER-198
2012-03-31T07:13:07Z,30c68b0bebff1e0a012dd81e8f05ebbf83b4ff5f,BOOKKEEPER-193
2012-03-30T11:00:20Z,4b32e049dca4a1a8eea4bfb2325aee2de629b132,BOOKKEEPER-166
2012-03-29T13:41:21Z,83e8672a10fab050a5bbcc1beeb9a210c1b2b90b,BOOKKEEPER-194
2012-03-29T13:18:34Z,48304c7c07513a15d26cb61f311c9f4b998fd8fc,BOOKKEEPER-190
2012-03-29T12:07:13Z,c805430253c6e6bb4341ad51b406ceabeafcd4e8,BOOKKEEPER-97
2012-03-28T21:57:40Z,6d56d60831a63fe9520ce156686d0cb1142e44f5,BOOKKEEPER-195
2012-03-21T05:40:55Z,3d32544c0b2b1cd5b184531846a451f518486c7d,BOOKKEEPER-189
2012-03-21T05:13:23Z,f3a404e4e6b0d0c2a0b2a83d38cdedaff0683e68,BOOKKEEPER-188
2012-03-20T13:09:07Z,7199719beebe79325a93ef57a1140c2ed50c26e9,BOOKKEEPER-175
2012-03-20T11:51:03Z,841e7dc187b17e6cf4c437fc211f9e285191dd7c,BOOKKEEPER-187
2012-03-19T14:02:15Z,3abac4eb86d64286d057d73024a177ef300283b0,BOOKKEEPER-186
2012-03-19T12:04:51Z,0663029788d504f38e98fd79e625a466bb4780c9,BOOKKEEPER-96
2012-03-16T09:41:45Z,33bef6356dfcf14928314e14c20ae73de80bdf99,BOOKKEEPER-182
2012-03-15T09:37:43Z,a4bded985ca1346a17ee0dcf08fe9dcd570dcfb7,BOOKKEEPER-184
2012-03-14T16:11:54Z,e8a1dec3fbea9b2f8c59c32e2f189d60c1864688,BOOKKEEPER-185
2012-03-14T11:29:03Z,fd5bb2bce8585ef49ba01d853241a4ee36d487e2,BOOKKEEPER-168
2012-03-13T06:31:36Z,c6cc7cca3a85603c8e935ba6d06fbf3d8d7a7eb5,BOOKKEEPER-163
2012-03-09T14:27:40Z,8207445ea25bef37e3369e749913acc0d597d9b2,BOOKKEEPER-158
2012-03-09T13:48:20Z,028a6d5360637417141f7f819a404e8e71117f9b,BOOKKEEPER-158
2012-03-08T18:24:51Z,cb8296636b961253f9586f535db285bfafa54a8a,BOOKKEEPER-180
2012-03-08T11:13:23Z,e911559291b6ae9aa310a695fb4174796921ac81,BOOKKEEPER-160
2012-03-01T14:58:08Z,431554da9e2598c73edfbaf671e87cfd9ae94716,BOOKKEEPER-176
2012-03-01T14:10:17Z,76818a6aadd4aa40a45aca6f5b0acba79cd42515,BOOKKEEPER-74
2012-02-24T19:07:57Z,9366322bfe3461a44a8b0444e66cd774ea1ac7d8,BOOKKEEPER-113
2012-02-24T18:20:56Z,2ec70d4dbf2266b17bdb99975f974f30afa65593,BOOKKEEPER-178
2012-02-24T18:08:01Z,9523193456992a2edd36106120a8a9f246af6995,BOOKKEEPER-177
2012-02-24T17:10:20Z,110d36673bcc393853aaab4bb423d785daa947c7,BOOKKEEPER-172
2012-02-17T11:50:23Z,014bcd501c14141facd0e3eb4bb488ccba3a2b7d,BOOKKEEPER-174
2012-02-17T10:18:00Z,bad375aa35a2c17c466d2be7481e7d16220d59b0,BOOKKEEPER-169
2012-02-15T15:11:53Z,633a23b3a20b27a551328be2efe5f057be3c99e2,BOOKKEEPER-170
2012-02-15T09:58:37Z,3defe9e5110472da995789b5ae14c286f58f1293,BOOKKEEPER-171
2012-02-13T14:46:38Z,5a3b29d05abd71c6e5d1b3045abafd434db15f24,BOOKKEEPER-152
2012-02-13T10:19:17Z,29a472598083e522645f918ec602dd91d800f0d5,BOOKKEEPER-162
2012-02-09T17:14:29Z,c65d6ada34215ee3a5466c495d565d745857c435,BOOKKEEPER-137
2012-02-08T14:54:29Z,beca5951f73cb9c39be10a4166a90dee9fff3c1c,BOOKKEEPER-165
2012-02-08T10:49:10Z,a3c9c953db49bc1ec3d72f01212e6cbcd58cc5d3,BOOKKEEPER-77
2012-02-08T10:40:43Z,bd2efa12f1f63afa90723ce405caebafb4afd6be,BOOKKEEPER-156
2012-02-08T10:40:19Z,3272204448bf210d03377ba822d01419ad197a17,BOOKKEEPER-167
2012-02-07T10:03:17Z,cfe3e650b69b2b599dd5b2f27f2164af38c7a2be,BOOKKEEPER-161
2012-02-01T15:19:57Z,835d963cb26d0a5d5b1cc79a0faf185b49673d16,BOOKKEEPER-157
2012-02-01T11:58:17Z,5a7f4991610ad60d277830b72dc5d890c63a0f07,BOOKKEEPER-98
2012-02-01T11:06:32Z,7e12629ed7a2006e4805dac0e5c006324a52d5db,BOOKKEEPER-23
2012-01-18T14:11:46Z,f56e596d70c66dac170008ffbe19489eee05be08,BOOKKEEPER-153
2012-01-18T12:09:48Z,cdcfbb52cbf8f0e6f17d56d7185cf0d04c9c856b,BOOKKEEPER-95
2012-01-17T15:52:16Z,c7c8af741a2f532b554dcdabf85237c23ea14aaa,BOOKKEEPER-150
2012-01-13T17:06:41Z,0d43f404ea145a35d46371967975f9590649a033,BOOKKEEPER-40
2012-01-11T14:46:29Z,e32715ad96558a9941910dd6ae91fc1c646baeb6,BOOKKEEPER-148
2011-12-22T17:35:48Z,0975f069d90748eb43fcec7622d3961b0446ea28,BOOKKEEPER-133
2011-12-21T16:43:23Z,8f755ed13f193ad6491fdca1794d834f3d3d4dcc,BOOKKEEPER-140
2011-12-16T14:32:58Z,015097021c1a2d2860643fda7fcb3e8a0d191442,BOOKKEEPER-141
2011-12-16T11:43:31Z,9eb549d4c308963af0be3288a59b0c4c39cbb5e6,BOOKKEEPER-142
2011-12-02T19:58:59Z,1c90beb59a6aa94f18ca6b5ca1f94a0db5e0cc14,BOOKKEEPER-139
2011-12-02T19:33:43Z,d006007ccf86f924d0773e267675a52e98314710,BOOKKEEPER-138
2011-12-02T18:22:43Z,213db5d6a6d55b5b093776a4c54fa5c8ffed5f0d,BOOKKEEPER-130
2011-12-01T22:26:46Z,dcfe4bcc5123eb70a5366bbf3b4931d8d23f9e48,BOOKKEEPER-134
2011-12-01T21:08:08Z,86844d7303f62a8e2361ca56d83ba2d47e5c77b8,BOOKKEEPER-131
2011-11-30T16:18:45Z,63b032331f28fe434ea37d7cb2e515609298b7ed,BOOKKEEPER-132
2011-11-30T15:42:14Z,3bc2bdb0d0f38b004fa95a58e8b02104005c663b,BOOKKEEPER-66
2011-11-30T11:10:44Z,12840c3e9e85ac400597d26663b19277c41987a7,BOOKKEEPER-130
2011-11-30T10:39:06Z,92e69b331797ea6a4eb4d46b668360e6c7bb9bd4,BOOKKEEPER-129
2011-11-30T10:07:23Z,fa78ba95d4e6ccff5ebb734e6036b11c802b3030,BOOKKEEPER-128
2011-11-29T23:19:38Z,49aa4df144abcd6b117ac376b71ac70a5af946b7,BOOKKEEPER-111
2011-11-29T23:15:02Z,86040b51874dcb40d1693593942d975c8327e919,BOOKKEEPER-122
2011-11-29T22:55:24Z,544f4b5c0480bb383134fe6e26c2fe0e0a6c8b11,BOOKKEEPER-122
2011-11-29T22:29:42Z,e3b52e82ccccf4807100db0950609ec7ede8378c,BOOKKEEPER-120
2011-11-29T22:26:53Z,aa1d8296672a1a29fdc3de630f5995c0d1a21429,BOOKKEEPER-127
2011-11-29T20:00:18Z,8b6f36788cb4614d506e0e526475592cd8fbeb6a,BOOKKEEPER-121
2011-11-29T17:46:36Z,da088187d80bf0b935aad14c1a4aa73e4920378f,BOOKKEEPER-62
2011-11-29T17:45:58Z,504867718d934b66dfa4df8edc55c9c888aa3d42,BOOKKEEPER-125
2011-11-29T09:05:53Z,c323c003687319d20eb7539c0e85a9cf3a4a6d08,BOOKKEEPER-124
2011-11-28T22:01:53Z,924fb834de0ae926ea075385c47dd29f8dd804a3,BOOKKEEPER-53
2011-11-28T18:25:18Z,3af9f38fc3b53c40751904972384ecb9a4e9fb44,BOOKKEEPER-39
2011-11-28T16:32:27Z,d5d73a8591369458c075034b8111f0dfabc2916d,BOOKKEEPER-119
2011-11-28T15:17:48Z,9daeb60bc274a425b9e90ed50d3454a6bfb3cf31,BOOKKEEPER-117
2011-11-28T12:15:52Z,e110067476eb55289d6dd86a94a6a1b0ab1a2ad8,BOOKKEEPER-118
2011-11-21T10:32:40Z,1bcbc47bcc6394b0c6fdeb73203aab59eab0fee5,BOOKKEEPER-79
2011-11-18T18:58:23Z,aed845b574b88abc825634d3c860dcfd40351fb8,BOOKKEEPER-114
2011-11-18T18:06:13Z,d33f843a67ad8bc73367259c78170c0bfab24cdc,BOOKKEEPER-115
2011-11-18T10:38:46Z,4afc000c193174857925f357a32950ab743490bc,BOOKKEEPER-69
2011-11-18T10:18:05Z,4049d4c2b115f81008ef7a3920fd9153ced2f53c,BOOKKEEPER-108
2011-11-17T21:38:49Z,e14618559769b7f3fa68360a4571a84392e162e3,BOOKKEEPER-90
2011-11-17T14:00:27Z,03e03c2b4a0eb0266cad4eb5e34099100629425e,BOOKKEEPER-87
2011-11-17T10:16:32Z,3969ff71a1865b5b8c32b60ac529999c6de71ab8,BOOKKEEPER-91
2011-11-17T08:59:36Z,304bf8fe61bd545072d09c7089d8b92fc3c2f1d3,BOOKKEEPER-81
2011-11-17T08:27:30Z,b83d00086a263af5b51e3e061170934c53447976,BOOKKEEPER-109
2011-11-16T18:01:04Z,4be547c861f024e48a7b0074effb8c26ff0a97fc,BOOKKEEPER-104
2011-11-16T16:05:52Z,4d9f0c0ebe8614e0190c5df5bbd68c6fa1c05180,BOOKKEEPER-101
2011-11-15T18:44:33Z,64411b9af4eede947f0cf0fd46da4d3170ec18e4,BOOKKEEPER-106
2011-11-15T18:42:58Z,75dbf699b90dd01b0dd44e4bdda60e7176b3ee12,BOOKKEEPER-106
2011-11-11T10:24:19Z,cc467bd5880c2879e6c0355469d51759f89bbabc,BOOKKEEPER-82
2011-11-08T18:09:49Z,6e3b195d16ef4b24618d7bb13b3eede6b9126e74,BOOKKEEPER-80
2011-11-08T17:58:18Z,2ea2fd09f2bbbea18e183c8af8e82e81eee9fe79,BOOKKEEPER-107
2011-11-04T10:46:44Z,c17dfb9aa2aeb6d3d1c6fa934dc9ef15bf6b5bc2,BOOKKEEPER-50
2011-11-04T10:24:34Z,e7184063b0fa20fbbb9802863143a11183858656,BOOKKEEPER-102
2011-11-04T10:00:29Z,978c0e13dd5896494f306ec2afed026caa9993b0,BOOKKEEPER-103
2011-10-28T13:36:43Z,dc5f5d223502b8bc9ef6bc3706f3bbea975e757e,BOOKKEEPER-71
2011-10-27T17:12:51Z,ea616470cfbd129bb03098698a562e1b8dd8ecc4,BOOKKEEPER-100
2011-10-27T16:53:34Z,d1823db0509fe49b0ce8140c620e4c5100427407,BOOKKEEPER-93
2011-10-27T16:26:18Z,68bdab655445f80314a0d2531e60e3b2e4d8fa17,BOOKKEEPER-89
2011-10-27T13:41:19Z,c898d53ab269fbd64cb00919808c7bb0c52c53a6,BOOKKEEPER-83
2011-10-26T14:06:38Z,d6465cad801b4ee89b77d1beec6acc371f8ddb6c,BOOKKEEPER-94
2011-10-25T15:16:30Z,45f2edbb1c3233309f6498e581e4cdcd87dcb70a,BOOKKEEPER-92
2011-10-24T09:40:18Z,4f09c6b4af38b51d259d8a6068806f7f22cc1847,BOOKKEEPER-88
2011-10-23T06:11:20Z,477eb1053f5c1bff1c0037fb0d6a02b468148682,BOOKKEEPER-84
2011-10-19T18:20:01Z,d05e52ce5a6bf8b0076685ccec03f5ab91b2b32d,BOOKKEEPER-61
2011-10-18T18:14:32Z,2c91d144a7e283c09e90b3065aa6fb352e177083,BOOKKEEPER-86
2011-10-18T08:42:46Z,2f2f6c66da80e1f2e8a0f7661e91bcd0898d6289,BOOKKEEPER-68
2011-10-17T21:39:26Z,c980c700d1313911903df3d4c3d48cf8da441827,BOOKKEEPER-65
2011-10-07T22:24:21Z,9639b64a1296f937a7b2704de671a38deb31007b,BOOKKEEPER-61
2011-10-06T16:54:11Z,06eea6791177f3d9dcb116ceccff2f6c3f619a39,BOOKKEEPER-41
2011-09-16T14:55:38Z,6823a35ceafcaf3d8802a8e502883d3d07e891f7,BOOKKEEPER-59
2011-09-05T17:38:57Z,ba9ebc213c14aa5d16a26f2e0601a39ac5888e10,BOOKKEEPER-26
2011-09-05T10:32:39Z,79ea05a3cbcc953bd86f024eb4143e4b85fcd8f1,BOOKKEEPER-63
2011-08-31T14:59:46Z,28377803242f8514fcdf17f7a808aa756fa158b9,BOOKKEEPER-57
2011-08-30T10:13:51Z,360174f12df9b853e4f3b65631c4063e150beb8f,BOOKKEEPER-52
2011-08-30T09:14:33Z,675efc92fdb7c88ff9b871ba2ccf56974f769544,BOOKKEEPER-51
2011-08-30T08:34:31Z,afdd3dd1e7e06f97e29ff5bcaa2001f81f6d9210,BOOKKEEPER-28
2011-08-29T17:34:16Z,da1df6bcf4f3a1cc2ed4d3798764e855555ab8f8,BOOKKEEPER-18
2011-08-29T17:33:01Z,ad96c00dcd01ee310c63f78211c6b66c8c874e05,BOOKKEEPER-58
2011-08-23T22:43:46Z,c30c309bf95a6ba145d33326af73253fb835b1b4,BOOKKEEPER-38
2011-08-23T22:42:32Z,5095045d969a5fb4b7849cce89e3fa24ee830320,BOOKKEEPER-44
2011-08-23T22:38:29Z,a01067bb2003e6836acc638b734581844eb08324,BOOKKEEPER-38
2011-08-23T22:34:58Z,a772663c8e7051396bac5bae5b4ba7bc7ec75e78,BOOKKEEPER-43
2011-08-11T19:37:21Z,40b13a6b7db9d2da337dce0c7084d8c87c4d6b06,BOOKKEEPER-29
2011-08-11T18:36:52Z,0910d6cd7ffb1a7b78ab91a327715e936a3eb9e5,BOOKKEEPER-33
2011-08-10T10:37:39Z,de1c3b26a1162fb545c91d9cef4eed435c662a66,BOOKKEEPER-29
2011-07-30T23:58:28Z,3e9d596480537e45a23e591a1daabddffd2b15bf,BOOKKEEPER-27
2011-07-28T18:33:52Z,74397e3e20b2cd3e3c920f00be7f044cf548e076,BOOKKEEPER-11
2011-07-12T10:36:05Z,45aeb04735d120d3aa9a0110becf3ba2d7ef6afc,BOOKKEEPER-30
2011-07-07T14:37:50Z,00f25f5622e69f063202f7bd46f09ad1d708983d,BOOKKEEPER-5
2011-06-06T15:49:38Z,267ed95a2ae2ef1a8f6a3166b217d86a28166391,BOOKKEEPER-22
2011-05-25T09:41:33Z,266b1c2744a35b9379ba5e7023322a2450b91090,BOOKKEEPER-1
2011-05-25T09:28:46Z,9ea30d361649e13f28efb05ea2155cf765267a2f,BOOKKEEPER-1
2011-05-20T14:11:04Z,8ee32a8ab80dcd51f7846972d92b7c9e83d99862,BOOKKEEPER-19
