commit date git,commit sha,jira_id,affected versions,fixed version
2015-12-11T08:42:22Z,930db341fc53b0c71ada1b9300979cbd8ac791e5,SYNCOPE-741,[1.2.6  2.0.0-M1],[1.2.7  2.0.0-M1],2015-12-09T16:26:29.000+0000
2015-12-07T08:05:55Z,141f96956f35c85543b2cea3ffb728d4dcf7b692,SYNCOPE-739,[1.2.6],[1.2.7  2.0.0-M1],2015-12-03T12:46:38.000+0000
2015-12-07T08:05:55Z,dde2a124c809e5fb97447680192453493faa43a6,SYNCOPE-739,[1.2.6],[1.2.7  2.0.0-M1],2015-12-03T12:46:38.000+0000
2015-12-03T07:45:33Z,18179de19556f4d2235a5264fe40a45dee149f3c,SYNCOPE-738,[2.0.0-M1],[2.0.0],2015-12-02T16:15:53.000+0000
2015-12-02T16:21:03Z,d6c211774586de3f66e6ec3087c8b2f98e0e9a31,SYNCOPE-738,[2.0.0-M1],[2.0.0],2015-12-02T16:15:53.000+0000
2015-11-25T11:25:46Z,e9ff5c73ed144337bf9dc44cbb96bbe01ea3e1d7,SYNCOPE-735,[1.2.6],[1.2.7  2.0.0-M1],2015-11-25T11:06:47.000+0000
2015-11-25T11:08:21Z,5ad760bd5fdeb62bd695fcc6b888ef5e9fa3a8a8,SYNCOPE-735,[1.2.6],[1.2.7  2.0.0-M1],2015-11-25T11:06:47.000+0000
2015-11-27T16:32:11Z,073e29a16c6885163c94d7f5d3a9a5553a3ae231,SYNCOPE-734,[],[],2015-11-23T14:44:33.000+0000
2015-11-25T10:43:30Z,7b1cb89bba9b91df3a9153e9bceec5a53a2deec9,SYNCOPE-733,[2.0.0-M1],[2.0.0-M1],2015-11-23T14:36:58.000+0000
2015-11-10T18:03:48Z,9da95172a5eadfe9ffcd021ccc4ba8b00a0a9ace,SYNCOPE-729,[1.2.6  2.0.0-M1],[1.2.7  2.0.0-M1],2015-11-10T17:33:41.000+0000
2015-11-10T17:54:51Z,c6e008125fb08e9b939acb73e233742ad0c3824f,SYNCOPE-729,[1.2.6  2.0.0-M1],[1.2.7  2.0.0-M1],2015-11-10T17:33:41.000+0000
2015-10-30T09:04:42Z,381dfde35a27c1d1447ad40941ddabf4dbf9268c,SYNCOPE-717,[1.2.5],[1.2.6  2.0.0-M1],2015-10-28T13:00:17.000+0000
2015-10-29T09:39:43Z,e486aaf3a1ac1b5a3281a2c93598cc38cca4073e,SYNCOPE-717,[1.2.5],[1.2.6  2.0.0-M1],2015-10-28T13:00:17.000+0000
2015-10-29T09:19:31Z,d404b400ad4b37d5bb4e2b6aa9f0d9c164822250,SYNCOPE-717,[1.2.5],[1.2.6  2.0.0-M1],2015-10-28T13:00:17.000+0000
2015-10-28T13:13:40Z,5954e2e7d44878c0f87d594140f6cc42146ad5c3,SYNCOPE-717,[1.2.5],[1.2.6  2.0.0-M1],2015-10-28T13:00:17.000+0000
2015-10-27T09:09:15Z,893d88901513100e3daf5d4d5b4b47a3f72f9aea,SYNCOPE-716,[1.2.5],[1.2.6],2015-10-27T09:08:46.000+0000
2015-10-19T14:23:08Z,fb577531bd39cb80b8ab81eefc344e04e5672af4,SYNCOPE-712,[1.2.5],[1.2.6],2015-10-19T07:43:21.000+0000
2015-10-15T10:05:33Z,2011671c93ac23a2397bcc8be39a1ca191ed035f,SYNCOPE-710,[1.2.5],[1.2.6  2.0.0-M1],2015-10-14T15:32:31.000+0000
2015-10-14T15:39:02Z,2524280ebeaff46bc351f4692fb4f966148bc87e,SYNCOPE-710,[1.2.5],[1.2.6  2.0.0-M1],2015-10-14T15:32:31.000+0000
2015-10-13T14:22:05Z,876fde9aa6abe7501a6cfdd53e32be0828ecdf03,SYNCOPE-707,[1.2.5  2.0.0-M1],[1.2.6  2.0.0-M1],2015-10-13T11:12:42.000+0000
2015-10-13T14:17:45Z,6852628030c6492a85fbaeaa81d9001315f5d985,SYNCOPE-707,[1.2.5  2.0.0-M1],[1.2.6  2.0.0-M1],2015-10-13T11:12:42.000+0000
2015-10-13T13:50:08Z,091b0662c8d77b84bc96e7e4047a36da8c12643b,SYNCOPE-707,[1.2.5  2.0.0-M1],[1.2.6  2.0.0-M1],2015-10-13T11:12:42.000+0000
2015-10-13T13:38:14Z,fcd85f6c4f9225919c1a55e4535cf0c151aab8e9,SYNCOPE-707,[1.2.5  2.0.0-M1],[1.2.6  2.0.0-M1],2015-10-13T11:12:42.000+0000
2015-10-13T07:53:12Z,a3e23c1f175dbdda338c4cf01d8acf6fc3c4f365,SYNCOPE-706,[2.0.0-M1],[2.0.0-M1],2015-10-12T14:06:56.000+0000
2015-10-07T09:53:32Z,4cd1c1ea653d3a3cc23f042825452dc7f735738e,SYNCOPE-703,[2.0.0-M1],[2.0.0-M1],2015-10-07T09:41:59.000+0000
2015-10-06T09:03:56Z,4a57705c3f182e40b4210874d97769939aa94e17,SYNCOPE-702,[],[1.2.6  2.0.0-M1],2015-10-06T08:15:08.000+0000
2015-10-06T09:01:03Z,a1e4daefa809f56023c4e61d3a50ab4681d1a5f0,SYNCOPE-702,[],[1.2.6  2.0.0-M1],2015-10-06T08:15:08.000+0000
2015-09-07T14:37:32Z,76e38c59664f39245e6877c5853f5eae79835af4,SYNCOPE-691,[1.2.5],[1.2.6  2.0.0-M1],2015-09-07T12:14:39.000+0000
2015-09-07T13:39:01Z,87e75438173ff19b8589af7347bcf0a8b560710b,SYNCOPE-691,[1.2.5],[1.2.6  2.0.0-M1],2015-09-07T12:14:39.000+0000
2015-09-02T10:51:26Z,8a1abd4e7c8dd70b01dbbc050f6b5fe680ae7554,SYNCOPE-689,[2.0.0-M1],[],2015-08-28T14:26:43.000+0000
2015-08-28T14:27:30Z,9658f8c384543889779cd2c398c8fcc115b43778,SYNCOPE-689,[2.0.0-M1],[],2015-08-28T14:26:43.000+0000
2015-09-04T12:51:28Z,f29fd4eb86d112c724f02d457abec124c46142ae,SYNCOPE-688,[2.0.0-M1],[2.0.0-M1],2015-08-28T11:11:34.000+0000
2015-08-28T11:15:48Z,716e2ed6a0614cf4b9e1882a80b7bb2496b83343,SYNCOPE-688,[2.0.0-M1],[2.0.0-M1],2015-08-28T11:11:34.000+0000
2015-08-28T11:00:35Z,8338f8fa4586f9f87368772ab060c39cd18352df,SYNCOPE-686,[1.2.5],[1.2.6  2.0.0-M1],2015-08-25T09:17:07.000+0000
2015-08-26T14:53:57Z,054ea9ca212911475b6d8b0bd16011c9f831c980,SYNCOPE-686,[1.2.5],[1.2.6  2.0.0-M1],2015-08-25T09:17:07.000+0000
2015-08-26T14:26:23Z,a1737d35ad33c426e89a48259f0655ba3736ac6c,SYNCOPE-686,[1.2.5],[1.2.6  2.0.0-M1],2015-08-25T09:17:07.000+0000
2015-07-23T08:55:40Z,fe7fa1324dd1ae2815c0161a0c39cfc4e9c8ba97,SYNCOPE-684,[1.2.4],[1.2.5  2.0.0-M1],2015-07-23T08:47:24.000+0000
2015-07-23T08:53:04Z,660b0ce88b22152e816b7c7812eb6e1bdfdc496b,SYNCOPE-684,[1.2.4],[1.2.5  2.0.0-M1],2015-07-23T08:47:24.000+0000
2015-07-13T10:02:23Z,81a66445f1e7db024a602146e9eb51f44752ea64,SYNCOPE-683,[1.2.4],[1.2.5],2015-07-13T09:51:17.000+0000
2015-07-13T09:57:49Z,f5df7f5cb3f5dfde39c90cbb85fe0971345a8728,SYNCOPE-682,[1.2.4],[1.2.5],2015-07-13T09:39:20.000+0000
2015-07-13T09:17:16Z,f45f2d9bf1ff5d7e2eb177fc07660916fbfe4ca6,SYNCOPE-678,[1.2.4],[1.2.5  2.0.0-M1],2015-07-08T07:39:10.000+0000
2015-07-13T08:47:41Z,73d0975b015308a673767cb5aa890782a75afde5,SYNCOPE-678,[1.2.4],[1.2.5  2.0.0-M1],2015-07-08T07:39:10.000+0000
2015-07-08T08:00:25Z,22c91a79422831acd8007a2a17c85f7d27c9445c,SYNCOPE-677,[1.2.4],[1.2.5],2015-07-08T07:36:43.000+0000
2015-05-27T10:20:38Z,c608b58540b1f6089e466096522042fd244b5368,SYNCOPE-673,[1.2.2  1.2.3  1.2.4],[1.2.5  2.0.0-M1],2015-05-27T07:35:23.000+0000
2015-05-27T10:17:51Z,8ea1e6acc0972628aaf7a011e04370fc1cbd87df,SYNCOPE-673,[1.2.2  1.2.3  1.2.4],[1.2.5  2.0.0-M1],2015-05-27T07:35:23.000+0000
2015-05-27T09:58:25Z,f672ce4925667fd80582878bdd55b9b0d644af0d,SYNCOPE-673,[1.2.2  1.2.3  1.2.4],[1.2.5  2.0.0-M1],2015-05-27T07:35:23.000+0000
2015-05-25T15:28:03Z,55d846eee3ded55ac9bcda2aec21b3bb4ce53fcd,SYNCOPE-672,[1.2.4],[1.2.5  2.0.0-M1],2015-05-25T14:49:40.000+0000
2015-05-25T15:16:09Z,13abc83310e7d204ccc47d39d5d7513392648006,SYNCOPE-672,[1.2.4],[1.2.5  2.0.0-M1],2015-05-25T14:49:40.000+0000
2015-05-24T17:07:20Z,4cd6f5dc673497b83c56873f007f61e405f40f2a,SYNCOPE-671,[1.2.4],[1.2.5  2.0.0-M1],2015-05-24T16:17:22.000+0000
2015-05-24T16:27:31Z,4c90ea872d43831e4ee593cb7b39306232b477cf,SYNCOPE-671,[1.2.4],[1.2.5  2.0.0-M1],2015-05-24T16:17:22.000+0000
2015-05-22T10:24:30Z,22a9e12e5e001de4926deb9052ba28bd98a85d62,SYNCOPE-670,[1.2.4],[1.2.5  2.0.0-M1],2015-05-21T14:40:41.000+0000
2015-05-22T09:42:16Z,15cca152d4abdfa42fe31a5f00f9c848cf31548b,SYNCOPE-670,[1.2.4],[1.2.5  2.0.0-M1],2015-05-21T14:40:41.000+0000
2015-05-21T15:09:57Z,d19133ef55221978395a1a933c03a8ba91018f12,SYNCOPE-669,[1.2.4],[1.2.5  2.0.0-M1],2015-05-21T13:09:43.000+0000
2015-05-21T15:06:00Z,b68778e3482ac4cfae11112d897d8c56333ef4fe,SYNCOPE-669,[1.2.4],[1.2.5  2.0.0-M1],2015-05-21T13:09:43.000+0000
2015-05-20T10:41:53Z,1d6451b5c4178e7d5a368d10af6df82055d95386,SYNCOPE-668,[1.2.4],[1.2.5  2.0.0-M1],2015-05-19T15:41:31.000+0000
2015-05-04T15:57:09Z,496a02a51547f2ba4a48d54bee7a8a4de48df076,SYNCOPE-664,[1.2.3],[1.2.4  2.0.0-M1],2015-05-04T14:57:16.000+0000
2015-05-04T15:50:01Z,b81cea711945ea7e5133371d9f06c42c398650b2,SYNCOPE-664,[1.2.3],[1.2.4  2.0.0-M1],2015-05-04T14:57:16.000+0000
2015-04-16T06:57:17Z,945158788e094be5a0a6b2a25113465b54940999,SYNCOPE-659,[1.2.3],[1.2.4  2.0.0-M1],2015-04-15T07:57:38.000+0000
2015-04-14T09:46:29Z,5cb056fe994910f5ced31c57e6e14987dbaac795,SYNCOPE-658,[1.2.3],[1.2.4  2.0.0-M1],2015-04-10T15:02:07.000+0000
2015-04-14T09:21:48Z,3202846298bfd44060f7a417c9102e05cbe81ecf,SYNCOPE-658,[1.2.3],[1.2.4  2.0.0-M1],2015-04-10T15:02:07.000+0000
2015-04-13T08:01:57Z,6896c460fb3f6149221307fa2c27021141b03ad2,SYNCOPE-658,[1.2.3],[1.2.4  2.0.0-M1],2015-04-10T15:02:07.000+0000
2015-04-02T07:48:33Z,f76826f6e521aa7ca227fdbe135f3a6771161eab,SYNCOPE-656,[1.2.3],[1.2.4  2.0.0-M1],2015-04-02T07:34:46.000+0000
2015-04-02T07:44:05Z,aea1c879b78630956d5a54fdb7b0449a2df3fcfc,SYNCOPE-656,[1.2.3],[1.2.4  2.0.0-M1],2015-04-02T07:34:46.000+0000
2015-03-27T09:52:15Z,35b974c77973c525172db37acd06b1c0fb5982d7,SYNCOPE-655,[1.2.3],[1.2.4],2015-03-27T08:31:16.000+0000
2015-04-15T08:32:26Z,8187e7fbece3e5ecc4e7dbdb6ceace42785c1cbe,SYNCOPE-654,[1.2.3],[1.2.4  2.0.0-M1],2015-03-26T16:55:18.000+0000
2015-04-15T08:13:15Z,6a343e959303cf9bd1a5121fb7ee85205751309c,SYNCOPE-654,[1.2.3],[1.2.4  2.0.0-M1],2015-03-26T16:55:18.000+0000
2015-04-14T15:56:28Z,adc2f7f5229d716e282b71ad3f6d987dc9f32423,SYNCOPE-654,[1.2.3],[1.2.4  2.0.0-M1],2015-03-26T16:55:18.000+0000
2015-04-14T15:53:27Z,d2cc18c3518a534499c0b6737f096df251f976ab,SYNCOPE-654,[1.2.3],[1.2.4  2.0.0-M1],2015-03-26T16:55:18.000+0000
2015-04-14T14:33:45Z,c040d9e4e475ed6741aa6575bca0b94acfc5ae88,SYNCOPE-654,[1.2.3],[1.2.4  2.0.0-M1],2015-03-26T16:55:18.000+0000
2015-02-24T13:06:46Z,9f6dc6c28eb79839d62948055074789c925cc03a,SYNCOPE-647,[1.2.2],[1.2.3  2.0.0-M1],2015-02-23T17:28:50.000+0000
2015-02-24T08:38:14Z,c1e6b586445237da5e2e1eb75f2f12c0c591e852,SYNCOPE-647,[1.2.2],[1.2.3  2.0.0-M1],2015-02-23T17:28:50.000+0000
2015-02-18T13:56:53Z,4b8b58b867572dbadf2240e337e62f7a6ce9f554,SYNCOPE-644,[1.2.2],[1.2.3  2.0.0-M1],2015-02-18T10:29:04.000+0000
2015-02-18T13:09:48Z,2f7fc8993042ee816eb5d24fbb29d7ab7de7091a,SYNCOPE-644,[1.2.2],[1.2.3  2.0.0-M1],2015-02-18T10:29:04.000+0000
2015-02-16T13:55:52Z,c981971c97e06bbdbb83584585650b34eebe5f36,SYNCOPE-643,[1.1.8  1.2.2],[1.1.9  1.2.3  2.0.0-M1],2015-02-16T08:54:09.000+0000
2015-02-16T13:54:12Z,d01ed120bbf99c92bdbeece7986ccf466785f5de,SYNCOPE-643,[1.1.8  1.2.2],[1.1.9  1.2.3  2.0.0-M1],2015-02-16T08:54:09.000+0000
2015-02-13T15:12:15Z,8671ee51e7ab2abe77208725c8cadca936f3ea18,SYNCOPE-641,[1.2.2],[1.2.3  2.0.0-M1],2015-02-13T13:48:46.000+0000
2015-02-13T15:11:09Z,223c0cda4ad43581860df1a892de1d2191222856,SYNCOPE-641,[1.2.2],[1.2.3  2.0.0-M1],2015-02-13T13:48:46.000+0000
2015-02-13T15:03:36Z,ce43e69504e23ce9d73f907a9944671d8b5bb6f0,SYNCOPE-641,[1.2.2],[1.2.3  2.0.0-M1],2015-02-13T13:48:46.000+0000
2015-02-13T14:45:21Z,0a1b3e90e0035baaf1eb37e9ab36d6cf0f548eff,SYNCOPE-641,[1.2.2],[1.2.3  2.0.0-M1],2015-02-13T13:48:46.000+0000
2015-02-13T14:41:20Z,7321d79015e036b8bb5829eb33ac6a9f5be5c723,SYNCOPE-641,[1.2.2],[1.2.3  2.0.0-M1],2015-02-13T13:48:46.000+0000
2015-02-13T15:23:31Z,21ada50208145c4561978dfdaf82158a6ad2b793,SYNCOPE-639,[1.2.1],[1.2.3  2.0.0-M1],2015-02-13T09:06:59.000+0000
2015-02-13T15:19:55Z,070c0770d814517e1c8ed772d98797b24de3fcd9,SYNCOPE-639,[1.2.1],[1.2.3  2.0.0-M1],2015-02-13T09:06:59.000+0000
2015-02-16T13:43:39Z,4dc90d7d06722ad5651293178a0eb8eb613be489,SYNCOPE-638,[1.2.2],[1.2.3  2.0.0-M1],2015-02-13T08:23:30.000+0000
2015-02-13T14:20:19Z,4e35b35f484b126b55cf1c2a703969d0a6544fbf,SYNCOPE-638,[1.2.2],[1.2.3  2.0.0-M1],2015-02-13T08:23:30.000+0000
2015-01-29T16:15:41Z,3237d26dfcba2b8d00d6b7d71b47853207ed5270,SYNCOPE-632,[1.2.1],[1.2.2  2.0.0-M1],2015-01-28T10:53:05.000+0000
2015-01-21T05:54:34Z,4efca7c3ec3973ab4b774a1f43e4403daf3354b7,SYNCOPE-629,[1.2.1  2.0.0-M1],[1.2.2  2.0.0-M1],2015-01-20T11:46:26.000+0000
2015-01-20T16:29:09Z,7b1c5ebeb85c2b27aaf1177e931431fa1da68be0,SYNCOPE-629,[1.2.1  2.0.0-M1],[1.2.2  2.0.0-M1],2015-01-20T11:46:26.000+0000
2015-01-05T10:07:36Z,069b56f92aee2cfc79c326993ac8bf894bb07b04,SYNCOPE-625,[],[1.2.2  2.0.0-M1],2014-12-28T14:03:35.000+0000
2014-12-22T14:31:23Z,7c0a5efc146035b5fb75a653d744b097f4ff3712,SYNCOPE-617,[1.2.1],[1.2.2  2.0.0-M1],2014-12-18T09:15:59.000+0000
2014-12-12T11:15:18Z,20bfa942ab1b07bef4002a160742ee5b47617204,SYNCOPE-615,[1.2.2],[1.2.2  2.0.0-M1],2014-12-11T16:13:38.000+0000
2014-12-10T14:55:05Z,9d1607734850b852ada7a803c3f11a1bbf48273a,SYNCOPE-614,[1.2.1],[1.2.2  2.0.0-M1],2014-12-04T15:03:43.000+0000
2014-12-11T13:39:53Z,9b429b287604e6bf6763dc6c65a61502ad333116,SYNCOPE-613,[1.2.1],[1.2.2  2.0.0-M1],2014-12-01T11:37:29.000+0000
2014-11-28T17:18:04Z,e414b79bead9bfc4044a8a8dde6a95b1855cf354,SYNCOPE-611,[1.2.1],[1.2.2  2.0.0-M1],2014-11-27T14:22:44.000+0000
2014-11-19T11:04:02Z,577f98e498a21fcaa355b65754ce5428d5e3db21,SYNCOPE-608,[1.2.0],[1.2.2  2.0.0-M1],2014-11-19T09:00:24.000+0000
2014-11-19T09:12:11Z,cd2d63984e6825427730babbee1e6d6b65a3835a,SYNCOPE-607,[1.2.1],[1.2.2  2.0.0-M1],2014-11-19T08:26:39.000+0000
2014-11-12T15:22:15Z,3fb39a46b7c33aacb2c42c9b79da07b025a718b9,SYNCOPE-605,[1.2.1],[1.2.1  2.0.0-M1],2014-11-11T15:16:52.000+0000
2014-11-07T08:35:03Z,972f5dba12c00012cd1fb23b0f3900c2a742cee5,SYNCOPE-603,[1.2.1],[1.2.1  2.0.0-M1],2014-11-06T18:41:18.000+0000
2014-11-10T11:15:22Z,68991ba9e4d0c15c628c431727fda4ed436de5ce,SYNCOPE-601,[1.1.8  1.2.0],[1.1.9  1.2.1  2.0.0-M1],2014-11-06T10:06:41.000+0000
2014-11-10T10:48:08Z,3d5a3706c5c5bfff149d1244a5221a77659dc757,SYNCOPE-601,[1.1.8  1.2.0],[1.1.9  1.2.1  2.0.0-M1],2014-11-06T10:06:41.000+0000
2014-11-05T10:07:41Z,76b35a7870eee368d8b78e71d39bd9ecc2de5934,SYNCOPE-600,[1.1.8  1.2.0],[1.2.1  2.0.0-M1],2014-11-05T09:33:06.000+0000
2014-11-06T08:46:13Z,4d264368ed1df29e13690e9c6b05b651a366f273,SYNCOPE-598,[1.2.0],[1.2.1  2.0.0-M1],2014-11-02T21:29:51.000+0000
2014-10-29T17:06:26Z,15ac9a5c72788335d4079ea5302fcaf7be8345bf,SYNCOPE-597,[1.2.0],[1.2.1  2.0.0-M1],2014-10-29T16:15:25.000+0000
2014-10-28T13:32:37Z,a23ef02f2c672c009eb664e8fe91f9ae07e82adb,SYNCOPE-596,[1.2.0-M1  1.2.0],[1.2.1  2.0.0-M1],2014-10-28T11:25:45.000+0000
2014-10-30T16:20:47Z,f44df5bfdf83112b5ecfa033a3710495e03df151,SYNCOPE-578,[1.2.0-M1  1.2.0],[1.2.1  2.0.0-M1],2014-10-23T13:43:47.000+0000
2014-10-30T15:45:55Z,8fc6e9e542266dbdcf04d8db5bcbbe6ea7d9385e,SYNCOPE-576,[1.2.0],[1.2.1  2.0.0-M1],2014-10-23T08:17:52.000+0000
2014-10-22T20:02:35Z,4e29d42fd4d0f6b9dbc623527164b0d373216d53,SYNCOPE-574,[1.2.0  2.0.0-M1],[1.2.1  2.0.0-M1],2014-10-20T15:21:03.000+0000
2014-10-31T10:32:51Z,9329c54fd62180df3727a4f72bbddd41c9fa1b50,SYNCOPE-572,[1.2.0],[1.2.1  2.0.0-M1],2014-10-20T10:03:44.000+0000
2014-10-22T15:54:44Z,ad6f31b29bb59d717262932b4ba0712684bb496a,SYNCOPE-571,[1.2.0],[1.2.1  2.0.0-M1],2014-10-20T09:31:57.000+0000
2014-10-17T09:25:49Z,abfb80507484e0de6815a04e4a84e9e060888b72,SYNCOPE-569,[1.2.0],[1.2.1  2.0.0-M1],2014-10-16T13:03:36.000+0000
2014-10-17T12:03:38Z,2820eb2544e2bb31bcd623847a2aac746f8dfae6,SYNCOPE-568,[1.1.8  1.2.0],[1.1.9  1.2.1  2.0.0-M1],2014-10-16T12:46:02.000+0000
2014-10-17T10:03:14Z,9cddacdf1a985806f1ee7cef6b93fa7144b93548,SYNCOPE-568,[1.1.8  1.2.0],[1.1.9  1.2.1  2.0.0-M1],2014-10-16T12:46:02.000+0000
2014-10-17T10:01:54Z,6bbfc329759404bb2774280acafe6073d4167ed5,SYNCOPE-568,[1.1.8  1.2.0],[1.1.9  1.2.1  2.0.0-M1],2014-10-16T12:46:02.000+0000
2014-10-17T10:07:50Z,f99657a2a66abfd68c115d9c1b083dc9b86a3105,SYNCOPE-567,[1.2.0],[1.2.1  2.0.0-M1],2014-10-15T14:39:39.000+0000
2014-10-16T07:20:10Z,05eb51deb03130506f9b96358b6ee564e8d93957,SYNCOPE-566,[1.2.0],[1.2.1  2.0.0-M1],2014-10-15T11:20:07.000+0000
2014-10-16T07:19:25Z,14b9753b5853da28d0f74617dc94cc5eec4497cc,SYNCOPE-566,[1.2.0],[1.2.1  2.0.0-M1],2014-10-15T11:20:07.000+0000
2014-10-14T13:14:57Z,f7d2058876237027edb5e34b9f2512796448d7cd,SYNCOPE-565,[1.2.0],[1.2.1  2.0.0-M1],2014-10-13T11:39:25.000+0000
2014-10-14T13:12:40Z,8d41124a4a4185d2c1b3c77ac1368e78fc760577,SYNCOPE-565,[1.2.0],[1.2.1  2.0.0-M1],2014-10-13T11:39:25.000+0000
2014-10-23T15:58:56Z,7c714f31c2367a899454b21b121377da5a5874cb,SYNCOPE-564,[1.2.0],[1.2.1  2.0.0-M1],2014-10-11T12:05:27.000+0000
2014-10-09T09:49:24Z,3400ae9c746b2c6678e9dbfa5bd9ddb509d49dad,SYNCOPE-562,[1.2.0],[1.2.1  2.0.0-M1],2014-10-08T08:04:45.000+0000
2014-10-09T09:48:42Z,2d05ff5bacca2c95463ecf5d0752f94665503b5f,SYNCOPE-562,[1.2.0],[1.2.1  2.0.0-M1],2014-10-08T08:04:45.000+0000
2014-10-07T09:40:27Z,1f9af45636a7b2b147d82b9acb374340a9f694ec,SYNCOPE-561,[1.2.0],[1.2.1  2.0.0-M1],2014-10-07T09:02:17.000+0000
2014-10-07T09:39:34Z,e078b845e82a0b3b9a4a91748ca3b6bbadc47cc4,SYNCOPE-561,[1.2.0],[1.2.1  2.0.0-M1],2014-10-07T09:02:17.000+0000
2014-10-07T08:35:25Z,36425c3974541f8c4b5a6398e272e55ffc638c3b,SYNCOPE-560,[1.2.0],[1.2.1  2.0.0-M1],2014-10-07T08:19:36.000+0000
2014-10-07T08:34:47Z,b8715c76ae4c59847a59d52faef9b8c2e3be4a4d,SYNCOPE-560,[1.2.0],[1.2.1  2.0.0-M1],2014-10-07T08:19:36.000+0000
2014-10-07T08:14:11Z,421a4e01a311343dd43ee41d81fdcdf7cdd36104,SYNCOPE-557,[1.2.0-M1],[1.2.1  2.0.0-M1],2014-10-03T15:52:41.000+0000
2014-10-03T15:53:51Z,8ac72fadc5a47246a9f1fc7d231e36d116698b20,SYNCOPE-557,[1.2.0-M1],[1.2.1  2.0.0-M1],2014-10-03T15:52:41.000+0000
2014-10-02T18:36:43Z,67a56d0a76d99301c10180ec4d0e08c263b976b0,SYNCOPE-556,[1.2.0-M1],[1.2.0  2.0.0-M1],2014-10-02T10:23:33.000+0000
2014-10-02T15:53:00Z,4353bd397c2f41f7d1302b64e39b0c2a58f92ac8,SYNCOPE-556,[1.2.0-M1],[1.2.0  2.0.0-M1],2014-10-02T10:23:33.000+0000
2014-09-29T14:25:40Z,ce54c5975d93d896668c45a9315dcd24f22638da,SYNCOPE-553,[1.2.0-M1],[1.2.0  2.0.0-M1],2014-09-29T06:59:48.000+0000
2014-09-29T14:19:38Z,8c7ccb6dce5d4a1cb7729716b0a44acaae25b013,SYNCOPE-553,[1.2.0-M1],[1.2.0  2.0.0-M1],2014-09-29T06:59:48.000+0000
2014-09-23T14:32:49Z,35219f85e88dc597ed1accca9d410c9f8a4de29e,SYNCOPE-551,[1.2.0-M1],[1.2.0  2.0.0-M1],2014-09-23T14:30:43.000+0000
2014-09-23T14:32:02Z,e18fe26f8830d6c4709671369a2d97213b095690,SYNCOPE-551,[1.2.0-M1],[1.2.0  2.0.0-M1],2014-09-23T14:30:43.000+0000
2014-09-16T15:35:05Z,0edddeafc46e7e52d85685a2f2486b0d9a95ab1f,SYNCOPE-549,[1.2.0-M1],[1.2.0  2.0.0-M1],2014-09-16T15:30:43.000+0000
2014-09-16T15:33:34Z,5f9f13650187b5e89f2f848f06c6fb4b434d876f,SYNCOPE-549,[1.2.0-M1],[1.2.0  2.0.0-M1],2014-09-16T15:30:43.000+0000
2014-09-15T15:06:49Z,b818af2a107e69f9fb6404a24816b6fb9e6d7b35,SYNCOPE-548,[1.2.0-M1],[1.2.0  2.0.0-M1],2014-09-15T12:59:09.000+0000
2014-09-15T15:05:31Z,70376d1aa2937f114d8b406f06639715a0944c08,SYNCOPE-548,[1.2.0-M1],[1.2.0  2.0.0-M1],2014-09-15T12:59:09.000+0000
2014-09-15T10:23:25Z,73dad882dc2a457b3faa7a86f5839904d9aafd43,SYNCOPE-547,[1.1.8],[1.1.9  1.2.0  2.0.0-M1],2014-09-15T08:01:35.000+0000
2014-09-15T10:23:04Z,e81f7d6d364703757004349706a2f7e9a80e1b27,SYNCOPE-547,[1.1.8],[1.1.9  1.2.0  2.0.0-M1],2014-09-15T08:01:35.000+0000
2014-09-15T08:24:57Z,4cc9738c9263c75857b1ea80b7b2c3e51494512a,SYNCOPE-547,[1.1.8],[1.1.9  1.2.0  2.0.0-M1],2014-09-15T08:01:35.000+0000
2014-09-15T08:24:30Z,38d4aadb6cfe50a541a0a302b9c899769b883045,SYNCOPE-547,[1.1.8],[1.1.9  1.2.0  2.0.0-M1],2014-09-15T08:01:35.000+0000
2014-09-15T08:21:44Z,0b5a345533f6a6a41f1725a61ab826173d4f5bd7,SYNCOPE-547,[1.1.8],[1.1.9  1.2.0  2.0.0-M1],2014-09-15T08:01:35.000+0000
2014-09-15T08:20:52Z,20a338c2b9153202e006ffde7001eeca5f55dc03,SYNCOPE-547,[1.1.8],[1.1.9  1.2.0  2.0.0-M1],2014-09-15T08:01:35.000+0000
2014-09-15T08:06:35Z,3549ea69dbc395951064e50d92dea4fb9bbf5717,SYNCOPE-547,[1.1.8],[1.1.9  1.2.0  2.0.0-M1],2014-09-15T08:01:35.000+0000
2014-09-04T15:43:10Z,e5f684671e0685e7708c419b447e3899dab9bbc4,SYNCOPE-546,[1.1.9],[1.1.9],2014-09-04T09:34:02.000+0000
2014-09-05T08:44:14Z,b98b4a961b2d4da8e9b633e623fd7ac69a426ca7,SYNCOPE-545,[1.1.9  1.2.0-M1  2.0.0-M1],[1.1.9  1.2.0-M1  2.0.0-M1],2014-09-04T09:21:26.000+0000
2014-09-05T08:39:18Z,e760b9ce9af18e61003717823626a5aa3b670b24,SYNCOPE-545,[1.1.9  1.2.0-M1  2.0.0-M1],[1.1.9  1.2.0-M1  2.0.0-M1],2014-09-04T09:21:26.000+0000
2014-09-05T08:16:13Z,504fb159aab341bd4052817168d7c7b3943523c4,SYNCOPE-545,[1.1.9  1.2.0-M1  2.0.0-M1],[1.1.9  1.2.0-M1  2.0.0-M1],2014-09-04T09:21:26.000+0000
2014-09-08T12:04:30Z,4dee80310a37e111aa27b61f980881e3baf50eb7,SYNCOPE-543,[1.1.8  1.2.0-M1  2.0.0-M1],[1.1.9  1.2.0-M1  2.0.0-M1],2014-08-27T07:55:51.000+0000
2014-09-08T10:59:22Z,dace282e2c26851928e9b81bab423e74a3f277ed,SYNCOPE-543,[1.1.8  1.2.0-M1  2.0.0-M1],[1.1.9  1.2.0-M1  2.0.0-M1],2014-08-27T07:55:51.000+0000
2014-09-08T09:09:23Z,3903b84ed72cfc05c276761c3b03737d4b925709,SYNCOPE-543,[1.1.8  1.2.0-M1  2.0.0-M1],[1.1.9  1.2.0-M1  2.0.0-M1],2014-08-27T07:55:51.000+0000
2014-09-08T08:41:20Z,83a805a463c2cabaa53d217f7bed9361dd42e208,SYNCOPE-543,[1.1.8  1.2.0-M1  2.0.0-M1],[1.1.9  1.2.0-M1  2.0.0-M1],2014-08-27T07:55:51.000+0000
2014-08-05T17:39:29Z,6cb13879bb499ca546e0f9a7c85551acc8d1678b,SYNCOPE-540,[1.2.0-M1],[1.2.0-M1  2.0.0-M1],2014-08-04T12:40:25.000+0000
2014-08-05T17:37:59Z,f579d388c20e2d3827ccbfd569c22cf688da3293,SYNCOPE-540,[1.2.0-M1],[1.2.0-M1  2.0.0-M1],2014-08-04T12:40:25.000+0000
2014-08-05T11:55:58Z,8138e3c4bde85510190673bbbce1823b91ea799d,SYNCOPE-540,[1.2.0-M1],[1.2.0-M1  2.0.0-M1],2014-08-04T12:40:25.000+0000
2014-08-05T11:55:03Z,a1db33fa8f3833fdad6b069232a0490555766973,SYNCOPE-540,[1.2.0-M1],[1.2.0-M1  2.0.0-M1],2014-08-04T12:40:25.000+0000
2014-08-06T09:52:40Z,35a8dbef89f0099c0d20614e3295bd6d32b51c57,SYNCOPE-539,[1.2.0-M1],[1.2.0-M1  2.0.0-M1],2014-07-30T15:15:46.000+0000
2014-08-06T09:20:30Z,d7e1ea1e6935261416ec119f7c1181b1b9d92690,SYNCOPE-539,[1.2.0-M1],[1.2.0-M1  2.0.0-M1],2014-07-30T15:15:46.000+0000
2014-07-07T10:02:21Z,0b237956bdf5d49f83ea8a6f9c7a079d2a562101,SYNCOPE-532,[1.2.0-M1  2.0.0-M1],[1.2.0-M1  2.0.0-M1],2014-07-07T07:25:46.000+0000
2014-07-07T09:39:48Z,04d3aa3af4b110843ec06ded7656bf578ee54064,SYNCOPE-532,[1.2.0-M1  2.0.0-M1],[1.2.0-M1  2.0.0-M1],2014-07-07T07:25:46.000+0000
2014-07-07T09:38:18Z,736f0e17429104e89cfd23f0491a82611d4a2926,SYNCOPE-532,[1.2.0-M1  2.0.0-M1],[1.2.0-M1  2.0.0-M1],2014-07-07T07:25:46.000+0000
2014-07-07T08:54:30Z,81ad48c8301c89576d7e04e945ed1b8939626067,SYNCOPE-531,[1.1.8  1.2.0-M1],[1.1.9  1.2.0-M1],2014-07-05T12:44:27.000+0000
2014-07-07T08:40:23Z,e79714f872be17953ab35f303958980514f6fdfe,SYNCOPE-531,[1.1.8  1.2.0-M1],[1.1.9  1.2.0-M1],2014-07-05T12:44:27.000+0000
2014-07-05T18:52:54Z,a56e63ac3b44448c25eccc093ead8c94d2ef8966,SYNCOPE-531,[1.1.8  1.2.0-M1],[1.1.9  1.2.0-M1],2014-07-05T12:44:27.000+0000
2014-07-05T18:28:52Z,ce6eaaf18b1ceae57e37033a4e1a6a503e0a5ee4,SYNCOPE-531,[1.1.8  1.2.0-M1],[1.1.9  1.2.0-M1],2014-07-05T12:44:27.000+0000
2014-07-03T13:13:43Z,e1c6977bcb861365d8dbd56215d22c5338373461,SYNCOPE-527,[],[1.2.0-M1],2014-07-02T14:56:46.000+0000
2014-06-24T13:17:33Z,cbe082a2ebf17cb5ebf0f4be93cca1eda5b80446,SYNCOPE-515,[1.1.7  1.2.0-M1],[1.1.8  1.2.0-M1],2014-06-24T12:57:40.000+0000
2014-06-25T15:03:47Z,59ba01e7a9873228605dcb68335fb2a00a752398,SYNCOPE-514,[1.2.0-M1],[1.2.0-M1],2014-06-23T15:19:30.000+0000
2014-06-20T14:37:27Z,a79e1f3d38f5d308ba86c75028546d1ee30c484c,SYNCOPE-512,[1.1.8  1.2.0-M1],[1.1.8  1.2.0-M1],2014-06-20T14:25:56.000+0000
2014-06-19T12:11:05Z,050cf08297a71d6eb0105b94cd07551909ea6755,SYNCOPE-510,[1.2.0-M1],[1.2.0-M1],2014-06-19T09:42:56.000+0000
2014-06-19T12:34:20Z,4fd7a195fd35d91bd3a6e7de4d8c504bd0be16fd,SYNCOPE-509,[1.1.8  1.2.0-M1],[1.1.8  1.2.0-M1],2014-06-19T07:43:12.000+0000
2014-06-19T10:32:44Z,1bd086af5f873b9e4d221b2eb899dcc8a9733cae,SYNCOPE-509,[1.1.8  1.2.0-M1],[1.1.8  1.2.0-M1],2014-06-19T07:43:12.000+0000
2014-06-13T09:38:42Z,7450a07e98f0ee3f197d277701c1d60e09b1dc73,SYNCOPE-506,[1.2.0-M1],[1.2.0-M1],2014-06-12T12:29:24.000+0000
2014-06-25T12:05:42Z,56c18fe7854e83c6d64c7c938a49793c1419cd59,SYNCOPE-504,[1.1.7  1.2.0-M1],[1.1.8  1.2.0-M1],2014-06-11T07:46:15.000+0000
2014-06-23T15:26:52Z,bc9ec67d1f0d2fe8f7aabedfc1b9b32b19c0f224,SYNCOPE-504,[1.1.7  1.2.0-M1],[1.1.8  1.2.0-M1],2014-06-11T07:46:15.000+0000
2014-06-17T09:22:49Z,e62398514bb634138aab4a18d62efe36dcaca2ff,SYNCOPE-501,[1.1.8  1.2.0-M1],[1.1.8  1.2.0-M1],2014-06-10T08:59:42.000+0000
2014-06-16T09:38:40Z,856eafa6924a37948697b93333dc011900290f3b,SYNCOPE-501,[1.1.8  1.2.0-M1],[1.1.8  1.2.0-M1],2014-06-10T08:59:42.000+0000
2014-06-12T07:15:00Z,92ba1e4acd2fbddf39f0edbf532a5f429c180b97,SYNCOPE-501,[1.1.8  1.2.0-M1],[1.1.8  1.2.0-M1],2014-06-10T08:59:42.000+0000
2014-06-06T15:50:29Z,aceaf25fdc38d26e5885a78ac2e775352eca1715,SYNCOPE-500,[1.1.8  1.2.0-M1],[1.1.8  1.2.0-M1],2014-06-06T12:46:01.000+0000
2014-06-06T15:39:53Z,7acc8d151365691add5854c0120b1459f07de2e8,SYNCOPE-500,[1.1.8  1.2.0-M1],[1.1.8  1.2.0-M1],2014-06-06T12:46:01.000+0000
2014-06-06T15:22:16Z,e1c0b2c001ba273b16fab62f5d8d59492b8b303f,SYNCOPE-500,[1.1.8  1.2.0-M1],[1.1.8  1.2.0-M1],2014-06-06T12:46:01.000+0000
2014-06-05T13:31:55Z,3ddffc0364ccd183793701359dc77e6125943e9a,SYNCOPE-499,[1.1.7  1.2.0-M1],[1.1.8  1.2.0-M1],2014-06-03T16:55:33.000+0000
2014-06-05T13:18:41Z,435cf91cda4887ee8305ceaee9dfb3f85635ea9a,SYNCOPE-499,[1.1.7  1.2.0-M1],[1.1.8  1.2.0-M1],2014-06-03T16:55:33.000+0000
2014-06-03T14:48:51Z,316eca74d0fc08548d1199fbe2f49325ca84d866,SYNCOPE-498,[],[1.2.0-M1],2014-05-30T10:59:54.000+0000
2014-06-06T11:46:03Z,a01f0bae81494750cc3f9914abc58301d7effffe,SYNCOPE-497,[],[1.2.0-M1],2014-05-30T10:17:32.000+0000
2014-06-03T12:14:39Z,ffc61f0e328a2ec702f0e9ca72cae31ed38d9b53,SYNCOPE-495,[1.2.0-M1],[1.2.0-M1],2014-05-22T08:01:46.000+0000
2014-05-27T12:52:03Z,963cc3105fa8e15862c2f0b45d41e4e630cf5d6a,SYNCOPE-495,[1.2.0-M1],[1.2.0-M1],2014-05-22T08:01:46.000+0000
2014-05-08T12:49:21Z,067b6ba262293b6f58a7340e9cac17d6e7109682,SYNCOPE-490,[1.2.0-M1],[1.2.0-M1],2014-05-08T08:36:00.000+0000
2014-05-08T07:29:55Z,efb1ab7252cd55f1a983b220c64f247591094eb0,SYNCOPE-489,[1.2.0-M1],[1.2.0-M1],2014-05-07T11:55:57.000+0000
2014-03-13T07:11:21Z,8cd8508cfe7b858c049acadd4c789abbd44640f7,SYNCOPE-484,[1.1.6],[1.1.7],2014-03-12T15:05:12.000+0000
2014-05-13T13:59:46Z,7cd4b43de678e9545fd191d6f6b102eddd674141,SYNCOPE-483,[1.2.0-M1],[1.2.0-M1],2014-03-11T10:04:43.000+0000
2014-05-13T11:41:43Z,a0976793c6e5f6e05ef8e0c0d25613b9f42a7e12,SYNCOPE-483,[1.2.0-M1],[1.2.0-M1],2014-03-11T10:04:43.000+0000
2014-02-27T16:14:41Z,eddd08e933a50e2ee8a60288318d240059480324,SYNCOPE-482,[1.2.0-M1],[1.2.0-M1],2014-02-27T14:28:09.000+0000
2014-01-15T09:25:24Z,96d00bd1ca05f2637604a4bfa6b39f43bef51c52,SYNCOPE-476,[1.1.5],[1.1.6  1.2.0-M1],2014-01-14T14:41:44.000+0000
2014-01-15T08:33:00Z,fcc7059ef14f5c935385c6959e272b2d133e968f,SYNCOPE-476,[1.1.5],[1.1.6  1.2.0-M1],2014-01-14T14:41:44.000+0000
2014-01-09T15:21:55Z,6cba7826c7d7866179237c1236d5eae8e7652828,SYNCOPE-475,[1.1.5],[1.1.6  1.2.0-M1],2014-01-09T12:51:34.000+0000
2014-01-09T15:20:45Z,907983e586194622e921dbf9d24f70ce07cc8dda,SYNCOPE-475,[1.1.5],[1.1.6  1.2.0-M1],2014-01-09T12:51:34.000+0000
2014-01-09T15:57:14Z,b63ce558de2acc5577e643c944fca79f11ae3b12,SYNCOPE-474,[1.1.5],[1.1.6],2014-01-09T11:28:43.000+0000
2013-12-30T11:26:03Z,2940e5fc1a1efaeac5b75bd232cae744de01b2f4,SYNCOPE-466,[1.1.5],[1.1.6  1.2.0-M1],2013-12-30T10:20:34.000+0000
2013-12-30T11:13:03Z,b33f2ca563ebd70b1df0dcd8820264ca4b05a79b,SYNCOPE-466,[1.1.5],[1.1.6  1.2.0-M1],2013-12-30T10:20:34.000+0000
2013-12-31T11:58:55Z,6afd2ce9bf994e4fdab2426d9e113aae478e0d4c,SYNCOPE-465,[1.1.6  1.2.0-M1],[1.1.6  1.2.0-M1],2013-12-29T14:27:15.000+0000
2013-12-31T10:31:14Z,f285d526ffde53fb323ea66705283e77c8fe85d4,SYNCOPE-465,[1.1.6  1.2.0-M1],[1.1.6  1.2.0-M1],2013-12-29T14:27:15.000+0000
2013-12-31T07:45:14Z,8bd972c47de9d8659c9e57cefd30b7c702fc3d33,SYNCOPE-465,[1.1.6  1.2.0-M1],[1.1.6  1.2.0-M1],2013-12-29T14:27:15.000+0000
2013-12-30T14:28:15Z,822302c158dc907454835b54d69c811cfed3fdd0,SYNCOPE-465,[1.1.6  1.2.0-M1],[1.1.6  1.2.0-M1],2013-12-29T14:27:15.000+0000
2014-01-30T12:59:20Z,9dfcc57a1d33b0bb8be888050d42cac877d2e412,SYNCOPE-462,[1.1.5],[1.1.6  1.2.0-M1],2013-12-16T11:04:32.000+0000
2014-01-30T11:37:52Z,e9c813556781360223a8a7f8c2ddb8074470ee75,SYNCOPE-462,[1.1.5],[1.1.6  1.2.0-M1],2013-12-16T11:04:32.000+0000
2014-06-16T10:40:39Z,e917514b4d73425a8da26567d3746da42ca64921,SYNCOPE-459,[1.1.4  1.1.5],[1.1.6  1.2.0-M1],2013-12-04T12:39:22.000+0000
2013-12-14T09:38:34Z,db01dd93e91964bdcc54954c25b38509a320aef1,SYNCOPE-459,[1.1.4  1.1.5],[1.1.6  1.2.0-M1],2013-12-04T12:39:22.000+0000
2013-12-14T09:01:12Z,e16d3b9d6209b6081873a85493839447b332f469,SYNCOPE-459,[1.1.4  1.1.5],[1.1.6  1.2.0-M1],2013-12-04T12:39:22.000+0000
2014-06-10T09:45:54Z,9fcaab6afb4f253937f65c2b470ce37b775e6e24,SYNCOPE-458,[1.1.5],[1.2.0-M1],2013-12-03T17:28:14.000+0000
2013-12-04T08:12:14Z,48798d615bba77ccbdd6f8857ad101ccf7cde9bd,SYNCOPE-457,[1.1.5  1.2.0-M1],[1.2.0-M1],2013-12-03T02:25:08.000+0000
2013-12-03T07:53:10Z,f9aef233e493e3ed47f9011ede1b94441272c9f9,SYNCOPE-456,[1.2.0-M1],[],2013-12-02T14:33:19.000+0000
2013-12-04T11:46:48Z,0e2dfae7c29c375e22427df4655bc102a0808f0a,SYNCOPE-455,[1.1.5],[1.1.6  1.2.0-M1],2013-11-29T12:17:33.000+0000
2013-12-04T11:29:09Z,f2648c51c3f6168095fb67007618e8eff59f38c7,SYNCOPE-455,[1.1.5],[1.1.6  1.2.0-M1],2013-11-29T12:17:33.000+0000
2013-12-04T15:34:14Z,8c4a227edd50fa0e35dbc77038a7ca2a6a35b3ee,SYNCOPE-454,[1.1.5],[1.1.6  1.2.0-M1],2013-11-29T11:58:00.000+0000
2013-12-04T14:43:48Z,8beb540ecfc37e38778d6aab24b185a30395f9ff,SYNCOPE-454,[1.1.5],[1.1.6  1.2.0-M1],2013-11-29T11:58:00.000+0000
2013-12-03T14:54:09Z,452ec8e6e6e83f29aa4bd4c4c54dbfc172b28130,SYNCOPE-453,[1.1.5],[1.1.6  1.2.0-M1],2013-11-29T11:50:59.000+0000
2013-12-03T13:40:22Z,1f4059be5aff6d8023baa519840eee4eb5ff6ea2,SYNCOPE-452,[1.1.5],[1.1.6  1.2.0-M1],2013-11-29T08:26:29.000+0000
2013-12-03T13:27:06Z,7568625dd9de4c9bff6b1a7a908e85546d5b22db,SYNCOPE-452,[1.1.5],[1.1.6  1.2.0-M1],2013-11-29T08:26:29.000+0000
2013-11-21T10:08:37Z,81a069506a0a2607961b4d112575dcf9300aae4b,SYNCOPE-440,[1.1.3],[1.1.5  1.2.0-M1],2013-11-15T06:33:33.000+0000
2013-11-21T09:51:46Z,361b589a9b408c0e1032517d2924c6352cc3b415,SYNCOPE-440,[1.1.3],[1.1.5  1.2.0-M1],2013-11-15T06:33:33.000+0000
2013-11-13T12:05:38Z,43ffb320a49416a2a052536bebb52f4ebb646619,SYNCOPE-437,[1.1.4],[1.1.5  1.2.0-M1],2013-11-13T08:46:33.000+0000
2013-11-13T11:49:09Z,6fc66e149196d80cf614c9d845596493e4fcd491,SYNCOPE-437,[1.1.4],[1.1.5  1.2.0-M1],2013-11-13T08:46:33.000+0000
2013-11-18T16:40:25Z,1ac7ccc16f2210c5552bc2c2ac97d85545400cf6,SYNCOPE-436,[1.1.4],[1.1.5  1.2.0-M1],2013-11-12T10:53:51.000+0000
2013-11-18T16:35:55Z,dab16ce325b527a03ed2347cf7c54d45691674c7,SYNCOPE-436,[1.1.4],[1.1.5  1.2.0-M1],2013-11-12T10:53:51.000+0000
2013-11-18T08:13:31Z,25d8c0d6b7c76bacf4c229ae4cba1b393a9c38c1,SYNCOPE-436,[1.1.4],[1.1.5  1.2.0-M1],2013-11-12T10:53:51.000+0000
2013-11-12T08:55:31Z,3ff71d74363f119a4378a152d5125348dc79060f,SYNCOPE-435,[1.1.4],[1.1.5  1.2.0-M1],2013-11-08T15:17:04.000+0000
2013-11-11T16:56:53Z,c490cf6fa52bf0cce6574b074af60e441b599f95,SYNCOPE-435,[1.1.4],[1.1.5  1.2.0-M1],2013-11-08T15:17:04.000+0000
2013-11-07T16:40:03Z,3d0363f62bd3e7bad37bcd8dea70385dce7fa99f,SYNCOPE-434,[1.1.4],[1.1.5  1.2.0-M1],2013-11-07T15:27:05.000+0000
2013-11-07T16:35:55Z,3736919b3e7fc2b0824faa710bcec7d3868d8617,SYNCOPE-434,[1.1.4],[1.1.5  1.2.0-M1],2013-11-07T15:27:05.000+0000
2013-11-07T15:21:53Z,1fa232ccb536915f1b37c30325392000bf666f95,SYNCOPE-433,[1.1.4],[1.1.5  1.2.0-M1],2013-11-07T14:14:14.000+0000
2013-11-07T15:12:44Z,133c6b04971522d2123e5a394089e3fdd8cd7495,SYNCOPE-433,[1.1.4],[1.1.5  1.2.0-M1],2013-11-07T14:14:14.000+0000
2013-10-25T08:40:09Z,43485c73714d1d17f4fc0b124197214a86c41902,SYNCOPE-426,[1.1.4],[1.1.5  1.2.0-M1],2013-10-25T08:03:03.000+0000
2013-10-25T08:27:12Z,fcba4ceb069085f6aa7bb33050d7d77ef476be94,SYNCOPE-426,[1.1.4],[1.1.5  1.2.0-M1],2013-10-25T08:03:03.000+0000
2013-10-01T14:49:23Z,1cf3bb8914d365aa35cd253385ea51709538cb8e,SYNCOPE-419,[1.1.4],[1.1.5  1.2.0-M1],2013-10-01T14:28:19.000+0000
2013-10-01T14:35:11Z,751cf78a522213d1af8d616492a223a32f37cbf8,SYNCOPE-419,[1.1.4],[1.1.5  1.2.0-M1],2013-10-01T14:28:19.000+0000
2013-09-20T13:54:58Z,f6bbf957ab7f69d35785ee7dd4a3e3a6ccb42be9,SYNCOPE-418,[1.1.3],[1.1.4  1.2.0-M1],2013-09-20T09:21:05.000+0000
2013-09-20T13:29:10Z,34c180e0184d9257d42e0f457674ef3defd0fc2c,SYNCOPE-418,[1.1.3],[1.1.4  1.2.0-M1],2013-09-20T09:21:05.000+0000
2013-09-20T13:10:25Z,7df0dce62a55b82d7f1d637ba61cd69f418c3b2a,SYNCOPE-418,[1.1.3],[1.1.4  1.2.0-M1],2013-09-20T09:21:05.000+0000
2013-09-20T08:26:37Z,65d40b7bf12cd0592479eeab46654a7caef370c7,SYNCOPE-417,[1.1.3],[1.1.4  1.2.0-M1],2013-09-20T07:26:23.000+0000
2013-09-20T08:25:54Z,b20e8370f55cdfdc09b0a295720562e64fd265a5,SYNCOPE-417,[1.1.3],[1.1.4  1.2.0-M1],2013-09-20T07:26:23.000+0000
2013-09-18T08:26:40Z,bbe1419b837ac95b841c62588a388f321d4a9fbd,SYNCOPE-414,[1.2.0-M1],[1.2.0-M1],2013-09-18T08:23:49.000+0000
2013-09-18T12:11:04Z,ab494d7fa8987a9c073207679f52399a7c670a6d,SYNCOPE-412,[1.1.3],[1.1.4],2013-09-16T13:41:06.000+0000
2013-07-22T07:37:47Z,5bc5444d4197f9a2cadc73282430885d89860a8b,SYNCOPE-404,[1.1.0  1.1.3],[1.1.4  1.2.0-M1],2013-07-19T21:25:56.000+0000
2013-07-22T07:36:46Z,d662963a4d863f886eeac214507e9764f1ba1645,SYNCOPE-404,[1.1.0  1.1.3],[1.1.4  1.2.0-M1],2013-07-19T21:25:56.000+0000
2013-07-11T11:23:41Z,2275dca97b42c7b7e3b0c8bd52934268c10650c5,SYNCOPE-400,[1.0.8  1.1.2],[1.1.3  1.2.0-M1],2013-07-11T09:35:22.000+0000
2013-07-11T11:22:38Z,ac1ef5831d010bd782eca6a3936169d3776f4b5f,SYNCOPE-400,[1.0.8  1.1.2],[1.1.3  1.2.0-M1],2013-07-11T09:35:22.000+0000
2013-07-04T14:22:02Z,9d01f95ffdf2ce861b5b8c166d210fea0329b5c9,SYNCOPE-399,[1.1.2  1.2.0-M1],[1.1.3  1.2.0-M1],2013-07-04T14:07:23.000+0000
2013-07-04T14:19:50Z,0b3ca4a98291be7bb1e2ff00b953438401d06cb3,SYNCOPE-399,[1.1.2  1.2.0-M1],[1.1.3  1.2.0-M1],2013-07-04T14:07:23.000+0000
2013-07-01T13:49:56Z,c8bdd8534794b955632fcf61bb46dbf9ee9bbcb0,SYNCOPE-398,[1.1.2],[1.1.3  1.2.0-M1],2013-07-01T13:08:32.000+0000
2013-07-01T13:49:13Z,5cca15db54f476bdf1039d884455c6a8927c09b9,SYNCOPE-398,[1.1.2],[1.1.3  1.2.0-M1],2013-07-01T13:08:32.000+0000
2013-06-27T11:43:39Z,00166b51c13ddafa7a38919a636e24f436d29d26,SYNCOPE-397,[1.1.2],[1.1.3  1.2.0-M1],2013-06-26T14:11:21.000+0000
2013-06-27T11:24:22Z,8e7e89fe62a2874b18a7e6cdd02b26232ec11ca8,SYNCOPE-397,[1.1.2],[1.1.3  1.2.0-M1],2013-06-26T14:11:21.000+0000
2013-06-24T14:29:45Z,dfcb2632e95583dc35cb99f4cac19a363bff4b82,SYNCOPE-396,[1.1.3],[1.1.3  1.2.0-M1],2013-06-24T13:37:20.000+0000
2013-06-12T14:24:11Z,b4254c8c2ae1051b8d1a295592cfc2b59404f480,SYNCOPE-394,[1.1.2],[1.1.3  1.2.0-M1],2013-06-12T13:57:25.000+0000
2013-06-12T14:20:13Z,9bd4a33024c080dfd62848fd887d39d62335931a,SYNCOPE-394,[1.1.2],[1.1.3  1.2.0-M1],2013-06-12T13:57:25.000+0000
2013-06-12T14:02:38Z,5af121463d1f29cf2fc4d0b38510492099f70fd8,SYNCOPE-394,[1.1.2],[1.1.3  1.2.0-M1],2013-06-12T13:57:25.000+0000
2013-06-07T10:42:01Z,21e8da23ee598d65af23213bc68e18f194f7ae05,SYNCOPE-387,[1.1.1],[1.1.2  1.2.0-M1],2013-06-03T11:19:40.000+0000
2013-06-07T10:41:39Z,e742da5f3172cd914420d4a40fc1ea78932bbbbb,SYNCOPE-387,[1.1.1],[1.1.2  1.2.0-M1],2013-06-03T11:19:40.000+0000
2013-06-03T09:01:57Z,0e33853a83ee61548d055928e2f8b2e688eb0773,SYNCOPE-386,[1.1.1],[1.1.2  1.2.0-M1],2013-06-03T09:00:09.000+0000
2013-06-03T09:00:53Z,8ba9c866b3176e2d3729f0f9000dc4e2d241e6eb,SYNCOPE-386,[1.1.1],[1.1.2  1.2.0-M1],2013-06-03T09:00:09.000+0000
2013-06-03T07:03:07Z,e9b32c5564805a386e89eee8e97516f5753fd2b3,SYNCOPE-385,[1.1.1],[1.1.2  1.2.0-M1],2013-06-03T07:01:15.000+0000
2013-06-03T07:02:06Z,ff5e5547d5f8463566fa9dc3e70100fe590ecf0e,SYNCOPE-385,[1.1.1],[1.1.2  1.2.0-M1],2013-06-03T07:01:15.000+0000
2013-05-31T13:48:50Z,6930e5c48beb2e2719062a12e0f66ae62bf01016,SYNCOPE-384,[1.1.1],[1.1.2  1.2.0-M1],2013-05-31T12:49:46.000+0000
2013-05-31T13:47:10Z,1bcba4409333e831648a227459c38dfde5ab12de,SYNCOPE-384,[1.1.1],[1.1.2  1.2.0-M1],2013-05-31T12:49:46.000+0000
2013-05-31T14:49:16Z,b97d26cb2fe86c99e9ac6dff60d177074009c7f2,SYNCOPE-383,[1.1.1],[1.1.2  1.2.0-M1],2013-05-31T12:40:04.000+0000
2013-05-31T14:46:14Z,fbd31cd5dd2022c37d9cedff58898d9c9218bdc1,SYNCOPE-383,[1.1.1],[1.1.2  1.2.0-M1],2013-05-31T12:40:04.000+0000
2013-05-31T16:07:14Z,25ad33a77ed4d3114260546f21c9dac36f1208e1,SYNCOPE-381,[1.1.1],[1.1.2  1.2.0-M1],2013-05-31T10:34:40.000+0000
2013-05-31T16:06:05Z,b28b5843654e8b4c8975b7f8fb1491aba5f92412,SYNCOPE-381,[1.1.1],[1.1.2  1.2.0-M1],2013-05-31T10:34:40.000+0000
2013-05-30T12:53:40Z,357ef239cff44078b63d5e576843f26b41a0f64d,SYNCOPE-376,[1.1.1],[1.1.2  1.2.0-M1],2013-05-30T12:44:54.000+0000
2013-05-30T12:52:44Z,21221c19c5d9021beb2c3393e5110e25f3ff8b33,SYNCOPE-376,[1.1.1],[1.1.2  1.2.0-M1],2013-05-30T12:44:54.000+0000
2013-05-29T06:53:34Z,f1a6ec238161db4f3637bc1bf9fb894ee8167b17,SYNCOPE-375,[1.1.1],[1.1.2  1.2.0-M1],2013-05-28T15:32:52.000+0000
2013-05-29T06:52:48Z,bdcc744f427d20bf35a574e6266b754e233be651,SYNCOPE-375,[1.1.1],[1.1.2  1.2.0-M1],2013-05-28T15:32:52.000+0000
2013-05-28T07:53:43Z,223db7ba16cd8413d1e6ab5a4ac5f06e30cb1307,SYNCOPE-373,[1.1.1],[1.1.2  1.2.0-M1],2013-05-28T06:47:44.000+0000
2013-05-28T07:36:19Z,c057c0eb98c093d76663aae7f7ac43bf0efa18dd,SYNCOPE-373,[1.1.1],[1.1.2  1.2.0-M1],2013-05-28T06:47:44.000+0000
2013-05-28T08:18:40Z,b15e4ed00543966b0d20e8886f78ac5b9146af8b,SYNCOPE-372,[1.1.1],[1.1.2  1.2.0-M1],2013-05-27T16:08:50.000+0000
2013-05-28T08:13:57Z,f8ecef1fcfb758822771f41afa9907a8715ba372,SYNCOPE-372,[1.1.1],[1.1.2  1.2.0-M1],2013-05-27T16:08:50.000+0000
2013-05-21T10:32:22Z,727fb9dece0d7aa789663a5acc762cbc80623e2f,SYNCOPE-371,[1.1.1],[1.1.2  1.2.0-M1],2013-05-21T10:28:34.000+0000
2013-05-21T10:31:09Z,6321f920b4658c2c01a98d39a8dc3890544a02e8,SYNCOPE-371,[1.1.1],[1.1.2  1.2.0-M1],2013-05-21T10:28:34.000+0000
2013-07-02T07:13:37Z,561a8c64f6810a81e941342106ac8b4afc51404c,SYNCOPE-370,[1.1.1],[1.1.3  1.2.0-M1],2013-05-08T10:11:06.000+0000
2013-07-02T07:12:56Z,a636677ea268cbc7d259c4de0013db0715985b08,SYNCOPE-370,[1.1.1],[1.1.3  1.2.0-M1],2013-05-08T10:11:06.000+0000
2013-05-09T09:06:44Z,4c4876ec440e826afbcb2f7c54b0b50d330b60c0,SYNCOPE-369,[1.1.1],[1.1.2  1.2.0-M1],2013-05-07T08:13:18.000+0000
2013-05-09T09:05:54Z,9e710da83f0217367bb7052c320e3928f4038781,SYNCOPE-369,[1.1.1],[1.1.2  1.2.0-M1],2013-05-07T08:13:18.000+0000
2013-04-29T11:22:10Z,79dd23cfc384ebbc5fc656206d1aa583a82aaf05,SYNCOPE-368,[1.1.0],[1.1.1  1.2.0-M1],2013-04-29T09:26:13.000+0000
2013-04-29T11:07:08Z,cfd67bed4cfbe194dd11bb15e72c1c72c7d2ca3f,SYNCOPE-368,[1.1.0],[1.1.1  1.2.0-M1],2013-04-29T09:26:13.000+0000
2013-04-24T15:41:29Z,062d95c120c7ae0e3b727558e307dc462c22866c,SYNCOPE-365,[1.1.0  1.1.1],[1.1.1  1.2.0-M1],2013-04-24T12:23:10.000+0000
2013-04-19T15:14:03Z,87a4c00cfb48fa7b22ca89449cfcdaaeefaec5c7,SYNCOPE-364,[1.0.8  1.1.0],[1.0.9  1.1.1  1.2.0-M1],2013-04-19T14:21:57.000+0000
2013-04-19T15:10:25Z,41f8139113d1077feb667f6b33290d23c04a2279,SYNCOPE-364,[1.0.8  1.1.0],[1.0.9  1.1.1  1.2.0-M1],2013-04-19T14:21:57.000+0000
2013-04-19T14:00:15Z,71550a66e999af49729687fd90e72b39c186ba0b,SYNCOPE-363,[1.1.0],[1.1.1  1.2.0-M1],2013-04-19T09:26:27.000+0000
2013-04-19T13:59:38Z,f4b36e580aa875b8384f6ad10abf53813f6be8fb,SYNCOPE-363,[1.1.0],[1.1.1  1.2.0-M1],2013-04-19T09:26:27.000+0000
2013-04-19T09:34:32Z,aa1a7c6f90bc09bca2463649a944c8797a63cc7d,SYNCOPE-361,[1.1.0],[1.1.1  1.2.0-M1],2013-04-19T08:26:22.000+0000
2013-04-19T08:28:41Z,9ab4a6fd4fc65670110170617ade40aa3a443480,SYNCOPE-361,[1.1.0],[1.1.1  1.2.0-M1],2013-04-19T08:26:22.000+0000
2013-04-19T08:28:09Z,672cebff2fdee71d150721d522cfd4b537d8e724,SYNCOPE-361,[1.1.0],[1.1.1  1.2.0-M1],2013-04-19T08:26:22.000+0000
2013-04-19T09:35:54Z,9bcc552c2593011fe9157a76adc5f7e9329f93c7,SYNCOPE-360,[1.1.0],[1.1.1  1.2.0-M1],2013-04-18T18:32:17.000+0000
2013-04-15T12:05:49Z,132365ba6bac7c91df5100952a029325b19e78d8,SYNCOPE-358,[1.1.0],[1.1.1  1.2.0-M1],2013-04-15T11:01:18.000+0000
2013-04-15T12:03:30Z,7f70d538778252a5f4b9706299305e59124c0acb,SYNCOPE-358,[1.1.0],[1.1.1  1.2.0-M1],2013-04-15T11:01:18.000+0000
2013-04-15T11:56:08Z,a9ce3f6a4598436a72e02cc5ba2b2c26550e13a9,SYNCOPE-358,[1.1.0],[1.1.1  1.2.0-M1],2013-04-15T11:01:18.000+0000
2013-04-24T15:20:13Z,26ab48865ae7cdbf5860130d76c1fe7391bb72d4,SYNCOPE-357,[1.1.0],[1.1.1  1.2.0-M1],2013-04-15T10:43:31.000+0000
2013-04-24T15:19:22Z,800371ddec3f68603ed54f60bf72a2792ec4821c,SYNCOPE-357,[1.1.0],[1.1.1  1.2.0-M1],2013-04-15T10:43:31.000+0000
2013-04-15T09:43:45Z,8bb662cbdafd618e1f9536b01afcd141c73862be,SYNCOPE-356,[1.1.0],[1.1.1  1.2.0-M1],2013-04-14T16:48:13.000+0000
2013-04-15T09:43:06Z,5156537301a5905b543a09c9b6f5ef4d37b2c0fa,SYNCOPE-356,[1.1.0],[1.1.1  1.2.0-M1],2013-04-14T16:48:13.000+0000
2013-04-24T13:30:44Z,adad7f32f34e4747a4da4545bf043b5ae7dcd456,SYNCOPE-354,[1.1.0],[1.1.1  1.2.0-M1],2013-04-12T23:22:37.000+0000
2013-04-24T13:29:39Z,e717dc4d620c88df13831e36b263d6c97f82ce3e,SYNCOPE-354,[1.1.0],[1.1.1  1.2.0-M1],2013-04-12T23:22:37.000+0000
2013-04-09T12:53:03Z,f9c5e26ef08dc852ac861835b3bdd7e983a55cd0,SYNCOPE-353,[1.1.0],[1.1.1  1.2.0-M1],2013-04-09T10:53:38.000+0000
2013-04-09T12:52:34Z,d0701a9260409b740169bf1a98be0ba641d8bc81,SYNCOPE-353,[1.1.0],[1.1.1  1.2.0-M1],2013-04-09T10:53:38.000+0000
2013-04-09T14:17:17Z,cefea78d6a7a5da3c5e9450afc63ff9c5969dc0b,SYNCOPE-352,[1.1.0],[1.1.1  1.2.0-M1],2013-04-08T18:51:02.000+0000
2013-04-09T14:16:19Z,e988ecdbb2c5129743add2c1ad95fe9781949361,SYNCOPE-352,[1.1.0],[1.1.1  1.2.0-M1],2013-04-08T18:51:02.000+0000
2013-04-09T12:16:02Z,f632f56dd8786299ac4d2ef1bf22799bd0d84ecd,SYNCOPE-351,[1.0.7  1.1.0],[1.0.8  1.1.1  1.2.0-M1],2013-04-05T10:42:06.000+0000
2013-04-09T12:15:26Z,c6e7ac002b60ac457751b00a5bc9d683541aab0d,SYNCOPE-351,[1.0.7  1.1.0],[1.0.8  1.1.1  1.2.0-M1],2013-04-05T10:42:06.000+0000
2013-12-20T08:33:42Z,b41540a30aef6db0dfec2dbb36fc77b1f50ab73d,SYNCOPE-349,[1.0.7  1.1.0  1.2.0-M1],[1.2.0-M1],2013-04-03T10:23:29.000+0000
2013-12-20T08:31:14Z,dc9a5a8594e7b6dc377c9b42bfa4fbaea449fd7d,SYNCOPE-349,[1.0.7  1.1.0  1.2.0-M1],[1.2.0-M1],2013-04-03T10:23:29.000+0000
2013-12-17T15:00:07Z,90e89addb59464ed5eb311ba9a8c698788eaef46,SYNCOPE-349,[1.0.7  1.1.0  1.2.0-M1],[1.2.0-M1],2013-04-03T10:23:29.000+0000
2013-04-03T10:13:41Z,a45ef9cc340b4855541c55721ee64a342217014b,SYNCOPE-347,[1.1.0],[1.1.0],2013-03-28T11:43:55.000+0000
2013-03-22T17:05:41Z,3272f8bd60a97678bd73f51111d8e033f34f3169,SYNCOPE-343,[1.1.0],[1.1.0],2013-03-22T16:11:42.000+0000
2013-03-22T11:13:29Z,972812f69d456c13320e02618c03f0f7a77c0dd7,SYNCOPE-342,[1.0.6  1.1.0],[1.0.7  1.1.0],2013-03-22T09:52:19.000+0000
2013-03-22T13:55:04Z,0438111af1088172eeb05c61d571dae2b80406b1,SYNCOPE-341,[1.0.6  1.1.0],[1.0.7  1.1.0],2013-03-21T07:48:43.000+0000
2013-03-19T15:20:42Z,aa9cd6b9da825787821443345ff58fc2182fa2f6,SYNCOPE-339,[1.0.7  1.1.0],[1.0.7  1.1.0],2013-03-19T12:10:35.000+0000
2013-03-19T15:06:51Z,dc893d8eee1231ae1832017e7eb3f963b6862138,SYNCOPE-338,[1.1.0],[1.1.0],2013-03-19T10:32:44.000+0000
2013-04-26T16:00:43Z,4cabd59ef5a9b4c73e910ba926e11cf360f4deee,SYNCOPE-336,[],[1.0.7  1.1.0],2013-03-11T13:35:26.000+0000
2013-03-19T14:30:32Z,e8a50c9ed1fa2e4638e6e2ca38fb0eba461676af,SYNCOPE-336,[],[1.0.7  1.1.0],2013-03-11T13:35:26.000+0000
2013-03-04T13:16:19Z,14ec17ba6b6f84021606a027737aef2a60d1159f,SYNCOPE-334,[1.1.0],[1.1.0],2013-03-04T12:52:12.000+0000
2013-03-04T15:52:51Z,2a53b46e56df3010c68334846bb8323a7d5d4e94,SYNCOPE-332,[1.0.5  1.0.6  1.1.0],[1.0.7  1.1.0],2013-03-03T19:37:03.000+0000
2013-03-05T14:42:42Z,edfb9edcaf52be6d5e2f1d616a861f85eb05d415,SYNCOPE-330,[1.1.0],[1.1.0],2013-03-01T15:10:28.000+0000
2013-03-15T13:14:59Z,4f0cb18b7c777dd41aa8205211a72b6cc217b8d6,SYNCOPE-329,[],[1.1.0],2013-02-28T11:36:22.000+0000
2013-03-05T15:34:56Z,621b948de0f62a2f55b7d8275ebf967931146d6a,SYNCOPE-328,[],[1.1.0],2013-02-28T11:20:54.000+0000
2013-03-01T16:22:16Z,a6aca3dfe827658d99523012c3c35ac13d4c5d11,SYNCOPE-327,[1.0.6  1.1.0],[1.1.0],2013-02-27T16:46:55.000+0000
2013-03-01T11:00:32Z,af601327fde094928d9e3d0f99e65030822d237c,SYNCOPE-327,[1.0.6  1.1.0],[1.1.0],2013-02-27T16:46:55.000+0000
2013-02-28T16:43:10Z,0b7fef8e539073a334e66f0b8ba8bb0e22f6301c,SYNCOPE-327,[1.0.6  1.1.0],[1.1.0],2013-02-27T16:46:55.000+0000
2013-02-28T12:32:17Z,bb9033956c9f5948628d4e2f2776fc0409533166,SYNCOPE-327,[1.0.6  1.1.0],[1.1.0],2013-02-27T16:46:55.000+0000
2013-02-27T17:06:13Z,5de9702f07815f52b1adda625e8d68139cecf295,SYNCOPE-327,[1.0.6  1.1.0],[1.1.0],2013-02-27T16:46:55.000+0000
2013-02-25T10:07:56Z,10182b41907082966302880aacb9350d0d957566,SYNCOPE-325,[1.0.5  1.1.0],[1.0.6  1.1.0],2013-02-25T10:05:33.000+0000
2013-02-22T16:31:19Z,da93d10e824868d652dbbd647253e60e4cf4e07e,SYNCOPE-323,[1.0.5  1.1.0],[1.1.0],2013-02-22T13:33:19.000+0000
2013-02-22T15:43:15Z,15202675bb8f5642b23cc02b647ab4f89382a1a8,SYNCOPE-322,[],[1.1.0],2013-02-22T11:15:32.000+0000
2013-02-21T16:26:16Z,6d4731d943f02d60565a98be1713bfadf9799898,SYNCOPE-321,[1.1.0],[1.1.0],2013-02-21T13:51:46.000+0000
2013-02-20T14:44:21Z,474f4f6ec2fc7177119014dffdc2c6d0b78ce083,SYNCOPE-320,[1.1.0],[1.1.0],2013-02-20T12:24:34.000+0000
2013-02-27T14:38:30Z,3fb90f478fbc16b061f078d94b8ae028d87b084b,SYNCOPE-318,[],[1.1.0],2013-02-19T10:08:20.000+0000
2013-02-18T14:44:40Z,9db99c23000bea004cdd8d4bf424683cd33c2132,SYNCOPE-317,[1.1.0],[1.1.0],2013-02-18T11:39:03.000+0000
2013-02-18T11:13:25Z,dd81cbff9f7a25f11b26c5c2c43b9c2d2ff4a13b,SYNCOPE-316,[1.0.5  1.1.0],[1.0.6  1.1.0],2013-02-18T08:23:44.000+0000
2013-02-18T15:24:12Z,ec16475054bf7292a62909df7863ca44dffa62e1,SYNCOPE-315,[1.0.5  1.1.0],[1.0.6  1.1.0],2013-02-15T13:45:39.000+0000
2013-02-18T10:14:07Z,db73f1018ec4a4645c45c3a0fcf6c69f8a7cafd8,SYNCOPE-315,[1.0.5  1.1.0],[1.0.6  1.1.0],2013-02-15T13:45:39.000+0000
2013-02-18T09:19:25Z,4bd52c2e5ad478e7359be8549bdd5c43537864ed,SYNCOPE-315,[1.0.5  1.1.0],[1.0.6  1.1.0],2013-02-15T13:45:39.000+0000
2013-02-14T17:22:52Z,0ac6d26283df96e40312dcb61d5320679cb658bc,SYNCOPE-314,[1.0.6  1.1.0],[1.0.6  1.1.0],2013-02-14T17:18:39.000+0000
2013-02-15T16:41:31Z,a9b3526e9de3e27baee367bfb7986f96f976e940,SYNCOPE-312,[],[1.1.0],2013-02-08T13:15:10.000+0000
2013-02-15T15:35:34Z,e233932c16d6174d5ca056a8190a925337f46954,SYNCOPE-312,[],[1.1.0],2013-02-08T13:15:10.000+0000
2013-02-20T15:25:44Z,9ffda20d58ceac302d130634602a4fcd8a1cc9be,SYNCOPE-310,[1.0.5  1.1.0],[1.0.6  1.1.0],2013-02-08T11:34:53.000+0000
2013-02-08T12:18:34Z,3ef7baf73e3d9e83e3fb3b27aa5152ffc2a63931,SYNCOPE-310,[1.0.5  1.1.0],[1.0.6  1.1.0],2013-02-08T11:34:53.000+0000
2013-02-25T13:56:00Z,eb4f73b6ba5b4b96a26e06b65ad7930b641ac94c,SYNCOPE-309,[1.0.5  1.1.0],[1.0.6  1.1.0],2013-02-04T17:18:28.000+0000
2013-02-25T12:02:57Z,81501d869d318bcffa2f11aad2896becfdad2f24,SYNCOPE-309,[1.0.5  1.1.0],[1.0.6  1.1.0],2013-02-04T17:18:28.000+0000
2013-02-11T17:01:30Z,cb073867742100bc01254f4aa8e190b0248b4df3,SYNCOPE-308,[1.0.5  1.1.0],[1.0.6  1.1.0],2013-02-04T16:55:08.000+0000
2013-02-14T14:24:17Z,480bf39866537034c13eb7bc524a2baa1ba33898,SYNCOPE-307,[1.0.6  1.1.0],[1.0.6  1.1.0],2013-02-04T11:48:00.000+0000
2013-02-13T18:41:32Z,60c21d72a62fb78c2b3a91c2ec0724dfe225827e,SYNCOPE-307,[1.0.6  1.1.0],[1.0.6  1.1.0],2013-02-04T11:48:00.000+0000
2013-02-01T14:16:08Z,9778213812636ed23c2785d320cd6416b85d2fbb,SYNCOPE-306,[],[1.1.0],2013-02-01T10:55:47.000+0000
2013-01-31T10:40:46Z,45b4f6318db61bb78c105695ba2423b58714c4b4,SYNCOPE-302,[1.1.0],[1.1.0],2013-01-31T10:32:19.000+0000
2013-01-30T17:56:47Z,e522014cc19b53d6dca57e6f80f2c7335a81590e,SYNCOPE-301,[1.0.5  1.1.0],[1.0.6  1.1.0],2013-01-30T11:27:32.000+0000
2013-01-31T16:07:47Z,e5daefcf7860440e81fba965d1e92671fb6b09d9,SYNCOPE-297,[],[1.1.0],2013-01-29T10:53:57.000+0000
2013-02-01T09:35:21Z,968bd6258d62fd307fbd5c222ba8f8c98302dcd7,SYNCOPE-294,[1.0.5],[1.0.6  1.1.0],2013-01-28T11:30:59.000+0000
2013-01-28T16:05:56Z,dc2a9e22ea07f92f32a10b2b3413fc845b28af21,SYNCOPE-292,[1.1.0],[1.1.0],2013-01-28T10:07:53.000+0000
2013-01-28T12:19:41Z,6b84a05aef688f0190f55097732f3d72777e4455,SYNCOPE-292,[1.1.0],[1.1.0],2013-01-28T10:07:53.000+0000
2013-07-26T11:03:19Z,23a34b4bcbd8aae74ad25e710b1d4654f22a0e65,SYNCOPE-285,[],[1.2.0-M1],2013-01-23T10:09:53.000+0000
2013-07-25T14:26:38Z,76a4861d322120ac8e6a9ba21416c858243c0d55,SYNCOPE-285,[],[1.2.0-M1],2013-01-23T10:09:53.000+0000
2013-05-24T08:03:03Z,c63fa3e474e4ab9bbd3dc6426daab10749fab885,SYNCOPE-285,[],[1.2.0-M1],2013-01-23T10:09:53.000+0000
2013-02-04T16:57:42Z,36a2b0bd551954d0364b279ddf50c541142904ee,SYNCOPE-284,[1.1.0],[1.1.0],2013-01-23T09:52:18.000+0000
2013-01-15T12:47:39Z,72e4d9d7ee46bbe48411b22f7776f4cec128abf4,SYNCOPE-274,[1.0.4],[1.0.5  1.1.0],2013-01-15T11:35:22.000+0000
2013-01-14T14:31:14Z,0ccbe2f7b2ec04660740b885c590deda6874d130,SYNCOPE-272,[1.0.5],[1.0.5],2013-01-11T11:52:27.000+0000
2013-01-11T16:00:20Z,4fefb4d544415014b4451ff2872eb745cb7909eb,SYNCOPE-269,[1.0.4  1.1.0],[1.0.5  1.1.0],2013-01-10T11:08:23.000+0000
2013-01-08T11:48:07Z,5d58e023a63a8e25d87225aa7547d24d733a2065,SYNCOPE-267,[1.0.4  1.0.5  1.1.0],[1.0.5  1.1.0],2013-01-08T10:00:41.000+0000
2013-01-08T11:34:23Z,415c57efa1eb3849945fe85c6ac80a9a027ae924,SYNCOPE-267,[1.0.4  1.0.5  1.1.0],[1.0.5  1.1.0],2013-01-08T10:00:41.000+0000
2013-01-07T16:54:01Z,c050cfe4cc6c4123517bc0fbcbc4eaf4a195f5ac,SYNCOPE-262,[1.1.0],[1.1.0],2013-01-04T08:21:46.000+0000
2013-01-07T16:30:17Z,26f7ba0cdac007fc34ae82fab0d1d928963b38cb,SYNCOPE-262,[1.1.0],[1.1.0],2013-01-04T08:21:46.000+0000
2013-01-07T09:03:56Z,2ef8a0656d6b0b12a331aed8efe6a7a9acd75314,SYNCOPE-260,[1.0.5  1.1.0],[1.0.5  1.1.0],2013-01-02T09:50:14.000+0000
2013-01-03T17:38:35Z,1a96e856a2d14441c4f4d802360a440b3d57a601,SYNCOPE-260,[1.0.5  1.1.0],[1.0.5  1.1.0],2013-01-02T09:50:14.000+0000
2013-01-03T17:34:01Z,bc0f5e7a6e0907900fa9af6f8bf24faee7dc5f61,SYNCOPE-260,[1.0.5  1.1.0],[1.0.5  1.1.0],2013-01-02T09:50:14.000+0000
2012-11-05T20:51:50Z,9f733f56df217d091b9902d3973b6e08e8922720,SYNCOPE-234,[1.0.4],[1.0.4  1.1.0],2012-11-05T11:24:18.000+0000
2012-09-05T09:58:50Z,9479176170aaf3b98f83cd3502552a04d27e3ec4,SYNCOPE-197,[],[1.1.0],2012-09-03T10:35:02.000+0000
2012-09-04T10:42:24Z,6bfba4254122878669ca1ec969152c00732769ab,SYNCOPE-196,[1.0.0-incubating],[1.0.2-incubating  1.1.0],2012-09-03T10:32:43.000+0000
2012-08-14T14:13:40Z,945a21ed1a2e43f80ae49c5b72bc3f251536a9f2,SYNCOPE-187,[1.0.0-incubating  1.1.0],[1.0.1-incubating  1.1.0],2012-08-14T08:35:21.000+0000
2012-08-15T12:53:27Z,f95ad4f11d6d9880d2dd44799c7880402bc50a36,SYNCOPE-183,[1.0.1-incubating],[1.0.1-incubating  1.1.0],2012-08-14T08:25:42.000+0000
2012-07-30T07:49:08Z,08b92d5d83f387f31db37b48d622b29d71dfa84c,SYNCOPE-118,[1.0.0-incubating],[1.0.0-incubating],2012-07-27T15:39:00.000+0000
2012-07-30T11:30:31Z,49bf4b8f3db79de56f35888048066f6345eba04a,SYNCOPE-117,[1.0.0-incubating],[1.0.0-incubating],2012-07-27T15:36:17.000+0000
2012-07-26T09:28:24Z,9e3ad215f6ea8ed698bf31005d2f831d766368c2,SYNCOPE-115,[1.0.0-incubating],[1.0.0-incubating],2012-07-26T09:20:17.000+0000
2012-07-20T10:20:36Z,7c8c6cba48023dc2c56d4d9412d45b0ae27aca63,SYNCOPE-114,[1.0.0-incubating],[1.0.0-incubating],2012-07-20T07:28:39.000+0000
2012-07-20T08:46:39Z,ae758caa603d335634503d0703bb0e402253f08f,SYNCOPE-113,[1.0.0-incubating],[1.0.0-incubating],2012-07-19T22:00:51.000+0000
2012-07-17T10:57:46Z,66bfdf75f78725c9c1c8add77c250c180ad300d3,SYNCOPE-112,[1.0.0-incubating],[1.0.0-incubating],2012-07-17T08:34:10.000+0000
2012-07-16T14:09:52Z,2596621a12928f0553c70408afa7eea0dc1108ef,SYNCOPE-111,[1.0.0-incubating],[1.0.0-incubating],2012-07-16T10:13:32.000+0000
2012-07-13T08:11:22Z,9af846542fd2c69cf46a9b21d5672eff8b271ed0,SYNCOPE-108,[1.0.0-incubating],[1.0.0-incubating],2012-07-12T10:56:05.000+0000
2012-07-06T13:55:33Z,561ba1cd2ef872895a64c9f6909ccee04c33568b,SYNCOPE-106,[1.0.0-incubating],[1.0.0-incubating],2012-07-06T13:41:27.000+0000
2012-07-04T10:07:37Z,0acf6a7f7f448ab4ffe3930aa179e47c120b3920,SYNCOPE-104,[1.0.0-incubating],[1.0.0-incubating],2012-07-04T09:55:19.000+0000
2012-07-03T10:19:46Z,87a99779601bf0a417a5abf944a3530f6eaefa2d,SYNCOPE-103,[1.0.0-incubating],[1.0.0-incubating],2012-07-02T10:18:51.000+0000
2012-07-13T16:34:31Z,8948088ddca0eef141d06ddbd9459fa073f67158,SYNCOPE-102,[1.0.0-incubating],[1.0.0-incubating],2012-06-27T14:16:36.000+0000
2012-06-27T13:58:02Z,8e85c2ae4ab142307eb646714c53deeb6f7f68ea,SYNCOPE-101,[1.0.0-incubating],[1.0.0-incubating],2012-06-26T15:09:36.000+0000
2012-06-21T10:37:07Z,d5ca7e9a2357377821e09a4cb361541a2c171dbe,SYNCOPE-99,[1.0.0-incubating],[1.0.0-incubating],2012-06-20T13:40:22.000+0000
2012-06-21T08:24:33Z,034b1aa52174d1f3dc371f69bf640f057e740ded,SYNCOPE-97,[1.0.0-incubating],[1.0.0-incubating],2012-06-19T08:59:08.000+0000
2012-06-20T13:49:59Z,29db8d4e6ef19ff1d61bc6e03ec431bfdda86d45,SYNCOPE-96,[1.0.0-incubating],[1.0.0-incubating],2012-06-14T14:25:55.000+0000
2012-06-14T15:34:33Z,47460136628e329bba21c4435acef27a64681026,SYNCOPE-95,[1.0.0-incubating],[1.0.0-incubating],2012-06-12T16:13:58.000+0000
2012-06-12T14:53:59Z,fcdf9425cb7167bd17b41833a2883c723779d6f8,SYNCOPE-94,[1.0.0-incubating],[1.0.0-incubating],2012-06-08T12:18:22.000+0000
2012-06-08T15:15:53Z,1969e756c44b3eb2d876e9dfa349962274bdb42c,SYNCOPE-92,[1.0.0-incubating],[1.0.0-incubating],2012-06-04T10:29:34.000+0000
2012-06-08T13:34:27Z,70dfd086dc579e532b4cc7e5343cb88ff8afd854,SYNCOPE-92,[1.0.0-incubating],[1.0.0-incubating],2012-06-04T10:29:34.000+0000
2012-05-31T14:52:59Z,2bc256d8012b08a8fe559fd50c798719347136f4,SYNCOPE-90,[1.0.0-incubating],[1.0.0-incubating],2012-05-30T13:47:18.000+0000
2012-05-22T13:38:33Z,f5bea20150bbe32a60bd88d222a0f5d9b806909f,SYNCOPE-86,[1.0.0-incubating],[1.0.0-incubating],2012-05-22T10:40:29.000+0000
2012-05-22T14:06:14Z,fab375d42e6503624fd412f29cf0b8a9a0ebb2ef,SYNCOPE-84,[1.0.0-incubating],[1.0.0-incubating],2012-05-22T07:36:51.000+0000
2012-05-30T12:27:43Z,cae9834cccaf1f40372ae40cc60404b041e025ba,SYNCOPE-83,[1.0.0-incubating],[1.0.0-incubating],2012-05-21T08:29:52.000+0000
2012-05-08T11:31:13Z,e0f9eb0a0f8a61bd8c64af9aa9f844c60a1c16bc,SYNCOPE-82,[1.0.0-incubating],[1.0.0-incubating],2012-05-08T08:10:58.000+0000
2012-05-04T10:29:14Z,f4c5098908e5a8cad438d4ee42fcc041274dda9c,SYNCOPE-81,[1.0.0-incubating],[1.0.0-incubating],2012-05-03T15:29:04.000+0000
2012-05-08T08:13:02Z,811278f3e65a7c6a897a5c7e0aa9b7456a844c11,SYNCOPE-80,[1.0.0-incubating],[1.0.0-incubating],2012-05-03T15:26:28.000+0000
2012-05-02T14:49:19Z,15ec3af5c91ac2a1d809cec87424f32b33bc25d6,SYNCOPE-77,[1.0.0-incubating],[1.0.0-incubating],2012-05-02T14:48:13.000+0000
2012-05-03T12:33:29Z,f58fd03305b91bd434e3a7c85a70b3eab470be3f,SYNCOPE-75,[1.0.0-incubating],[1.0.0-incubating],2012-05-02T10:49:37.000+0000
2012-04-30T15:42:02Z,f342461ada5db3cd86d444ce755a8f5ad5dc7d11,SYNCOPE-72,[1.0.0-incubating],[1.0.0-incubating],2012-04-30T13:07:46.000+0000
2012-04-30T10:27:08Z,e55959c62ac89e395c4c47ff2f24358438a4f15b,SYNCOPE-71,[1.0.0-incubating],[1.0.0-incubating],2012-04-30T09:54:43.000+0000
2012-04-30T16:01:56Z,98649493b44e9a94c14c6f7eebaa7f3c5c7aa11a,SYNCOPE-70,[1.0.0-incubating],[1.0.0-incubating],2012-04-30T09:44:07.000+0000
2012-05-23T13:33:37Z,749d1774c7979e962ac3894ef94c37b41a6a4962,SYNCOPE-68,[1.0.0-incubating],[1.0.0-incubating],2012-04-27T07:03:41.000+0000
2012-05-02T10:21:38Z,2eb202c9e0bebcfb64083d05104608f136bc9b38,SYNCOPE-65,[1.0.0-incubating],[1.0.0-incubating],2012-04-24T13:59:10.000+0000
2012-04-24T10:44:03Z,73f5734def2a0501f157357e3499798e7e53bd6b,SYNCOPE-63,[1.0.0-incubating],[1.0.0-incubating],2012-04-24T10:10:12.000+0000
2012-04-17T08:26:36Z,345a73dba31e26d016d1a5f591205f906a963216,SYNCOPE-58,[1.0.0-incubating],[1.0.0-incubating],2012-04-17T07:31:30.000+0000
2012-04-04T13:51:56Z,4305a1a0e41d29a0251e09eb6880cc5c4a1a4efb,SYNCOPE-54,[1.0.0-incubating],[1.0.0-incubating],2012-04-04T13:06:32.000+0000
2012-04-04T11:34:15Z,074201c7afdcbf7f2f11ba45aa5310da3eb25195,SYNCOPE-52,[1.0.0-incubating],[1.0.0-incubating],2012-04-04T07:08:45.000+0000
2012-03-30T13:20:41Z,7b2b2cfbe871e6e89467466cb112b2271d506be3,SYNCOPE-49,[1.0.0-incubating],[1.0.0-incubating],2012-03-28T07:35:41.000+0000
2012-03-28T13:35:45Z,941a5c62233d13f4d0a27cf2408f7a32be0f42e5,SYNCOPE-49,[1.0.0-incubating],[1.0.0-incubating],2012-03-28T07:35:41.000+0000
2012-04-03T12:47:28Z,787e8f01382c65fa151f1b1590591b83dc333c5d,SYNCOPE-48,[1.0.0-incubating],[1.0.0-incubating],2012-03-26T15:48:50.000+0000
2012-03-23T14:35:31Z,04979883e34a962b8497cfecd5643d648043c27e,SYNCOPE-47,[1.0.0-incubating],[1.0.0-incubating],2012-03-23T10:49:16.000+0000
2012-03-22T16:24:17Z,c8197acdfd385c92771ae0386acf5a8bef5d97ba,SYNCOPE-46,[1.0.0-incubating],[1.0.0-incubating],2012-03-22T12:23:12.000+0000
2012-03-22T15:58:30Z,8b38ff49391f0330fe8a1539fb3b58cd6dcca4b7,SYNCOPE-46,[1.0.0-incubating],[1.0.0-incubating],2012-03-22T12:23:12.000+0000
2012-03-19T10:39:48Z,798658d69465569a74eed6c727b9d05fde136c28,SYNCOPE-43,[1.0.0-incubating],[1.0.0-incubating],2012-03-17T08:31:15.000+0000
2012-04-03T15:57:20Z,dec2bc9922d02612f5777f63068d6b72219d4a3e,SYNCOPE-41,[1.0.0-incubating],[1.0.0-incubating],2012-03-15T17:03:48.000+0000
2012-03-28T15:29:47Z,e8c80ab9ffe0b717a178fed74a181ae733e15a26,SYNCOPE-41,[1.0.0-incubating],[1.0.0-incubating],2012-03-15T17:03:48.000+0000
2012-03-19T09:06:37Z,648bac6f385e91bc18f8663fb31897aba451d1e9,SYNCOPE-40,[1.0.0-incubating],[1.0.0-incubating],2012-03-15T16:10:12.000+0000
2012-03-22T12:41:13Z,304d2afba91fc7f82bc084a592c5c3b62cf89982,SYNCOPE-39,[1.0.0-incubating],[1.0.0-incubating],2012-03-15T14:10:10.000+0000
2012-03-16T17:50:07Z,3073ce6c89130e336e887435e1b2e2f1e7c73411,SYNCOPE-37,[1.0.0-incubating],[1.0.0-incubating],2012-03-14T13:51:48.000+0000
2013-11-15T11:03:47Z,d44d64b85f88a7d7087d27d720dbafa90ec8bbfe,SYNCOPE-36,[1.0.0-incubating],[1.0.0-incubating],2012-03-13T10:09:34.000+0000
2012-03-09T15:37:49Z,e92e325bb93fbb2a2f46050bde0b323893c8df4e,SYNCOPE-34,[1.0.0-incubating],[1.0.0-incubating],2012-03-09T15:36:01.000+0000
2012-03-09T13:55:56Z,f67a07273731bf1314932834b72cee587584a1c7,SYNCOPE-33,[1.0.0-incubating],[1.0.0-incubating],2012-03-09T11:45:34.000+0000
2012-03-13T10:15:55Z,651f968c7a7cbd18828749eda15000b3a72f689e,SYNCOPE-32,[1.0.0-incubating],[1.0.0-incubating],2012-03-09T08:54:47.000+0000
2012-03-09T09:02:32Z,53e6f4b87e9d6bd1983c0bed221356f3c522e06e,SYNCOPE-32,[1.0.0-incubating],[1.0.0-incubating],2012-03-09T08:54:47.000+0000
2012-03-09T09:07:50Z,75f497793d3ac0d46af2c607a9fd7450169b7d5c,SYNCOPE-31,[1.0.0-incubating],[1.0.0-incubating],2012-03-08T14:43:03.000+0000
2012-03-08T14:33:39Z,28477954869e9513477f6b2ebdd262d3ca1b9c6a,SYNCOPE-30,[1.0.0-incubating],[1.0.0-incubating],2012-03-08T13:45:09.000+0000
2012-04-02T16:17:38Z,db5a12d124c58af82a1622c9ecd5e062ebc713b9,SYNCOPE-29,[1.0.0-incubating],[1.0.0-incubating],2012-03-08T13:27:47.000+0000
2012-03-08T13:35:28Z,d5a2478c8e103ccc3c6f4dac1301993a3ad3b27d,SYNCOPE-29,[1.0.0-incubating],[1.0.0-incubating],2012-03-08T13:27:47.000+0000
2012-03-07T14:57:57Z,dd02660c060fac2fe5b668394c34a73f9714452d,SYNCOPE-27,[1.0.0-incubating],[1.0.0-incubating],2012-03-07T14:40:20.000+0000
2012-03-02T10:00:10Z,e797a8c4ba8e04129e25713db98520105283e58f,SYNCOPE-23,[1.0.0-incubating],[1.0.0-incubating],2012-03-02T09:19:01.000+0000
2012-03-16T14:17:10Z,606e32ec4f8c3e184dc58702862516705a71a0ad,SYNCOPE-21,[1.0.0-incubating],[1.0.0-incubating],2012-03-02T09:01:55.000+0000
2012-03-02T16:10:28Z,3d40c0df5751f8b9aa82c97fe89a5e826557106c,SYNCOPE-21,[1.0.0-incubating],[1.0.0-incubating],2012-03-02T09:01:55.000+0000
2012-03-13T16:37:26Z,9ba31b2eefd37f1055020ea38cd58551a5303990,SYNCOPE-18,[1.0.0-incubating],[1.0.0-incubating],2012-03-01T15:14:01.000+0000
2012-03-01T14:53:21Z,17f7f5a0b91d696499d6570b3e7f53904be1e25d,SYNCOPE-17,[1.0.0-incubating],[1.0.0-incubating],2012-03-01T14:28:34.000+0000
2012-03-01T15:09:24Z,0a5bb7c528e9a8caf6df78834d259c8c7275add2,SYNCOPE-16,[1.0.0-incubating],[1.0.0-incubating],2012-03-01T11:41:37.000+0000
2012-02-29T18:08:43Z,651ed51aa27b0813788940083c28a3c06a612e44,SYNCOPE-12,[1.0.0-incubating],[1.0.0-incubating],2012-02-29T14:02:13.000+0000
2012-02-29T13:36:41Z,88e7f6e1ea6eaa7bc9e65a784860ae83165110dd,SYNCOPE-11,[1.0.0-incubating],[1.0.0-incubating],2012-02-29T10:19:28.000+0000
2012-02-28T15:36:04Z,5b42ee2cf1e6489193876b1fd26205a571f733fc,SYNCOPE-10,[1.0.0-incubating],[1.0.0-incubating],2012-02-28T10:56:09.000+0000
2012-02-27T11:46:50Z,206e754bec8169cc6c77e98f1535c499717634e0,SYNCOPE-8,[1.0.0-incubating],[1.0.0-incubating],2012-02-24T17:13:02.000+0000
2012-02-24T16:25:52Z,2c0ca3967173acbce785f8c95d72a5c2e7ead472,SYNCOPE-3,[1.0.0-incubating],[1.0.0-incubating],2012-02-23T07:41:54.000+0000
2012-02-21T16:36:26Z,2a8d0486d0388ea83e88775aaaa5980d55668e92,SYNCOPE-1,[1.0.0-incubating],[1.0.0-incubating],2012-02-21T14:26:29.000+0000
